
=== NEW RUN ===
episodes=12500, shaping=False, K=1.0, goal_reward=10000.0, gamma=0.99
waypoints={'g1': (1, 8), 'g2': (9, 8), 'g3': (9, 3), 'g4': (1, 3)}
automaton_states=['q1', 'q2', 'q3', 'q4'], initial=q1, accepting=['q5']

[Episode 1/12500 | last 1]
success rate                : 0.0% (cumulative 0.0%)
synthetic task reward       : 0.000
shaping reward              : 0.000
learning reward             : 0.000
episode length              : 81.0
abstract changes / episode  : 13.0
completed cycles / episode   : 0.00
automaton changes / episode  : 0.00
automaton changes in window  : none
epsilon (next episode)       : 0.99980
replay buffer                : 81 samples [q1: 100.0%, q2: 0.0%, q3: 0.0%, q4: 0.0%]
state visits in window        : q1: 82, q2: 0, q3: 0, q4: 0
state visits cumulative       : q1: 82, q2: 0, q3: 0, q4: 0
state entries in window       : q1: 1, q2: 0, q3: 0, q4: 0
state entries cumulative      : q1: 1, q2: 0, q3: 0, q4: 0
transitions cumulative       : none
Gym endings cumulative       : terminated=1, truncated=0
Best policy updated at episode 1: mean learning reward=0.000

[Episode 100/12500 | last 100]
success rate                : 0.0% (cumulative 0.0%)
synthetic task reward       : 0.000
shaping reward              : 0.000
learning reward             : 0.000
episode length              : 89.3
abstract changes / episode  : 12.7
completed cycles / episode   : 0.00
automaton changes / episode  : 0.01
automaton changes in window  : q1->q2: 1
epsilon (next episode)       : 0.98020
replay buffer                : 8928 samples [q1: 99.9%, q2: 0.1%, q3: 0.0%, q4: 0.0%]
state visits in window        : q1: 9014, q2: 14, q3: 0, q4: 0
state visits cumulative       : q1: 9014, q2: 14, q3: 0, q4: 0
state entries in window       : q1: 100, q2: 1, q3: 0, q4: 0
state entries cumulative      : q1: 100, q2: 1, q3: 0, q4: 0
transitions cumulative       : q1->q2: 1
Gym endings cumulative       : terminated=100, truncated=0

[Episode 200/12500 | last 100]
success rate                : 0.0% (cumulative 0.0%)
synthetic task reward       : 0.000
shaping reward              : 0.000
learning reward             : 0.000
episode length              : 90.9
abstract changes / episode  : 12.6
completed cycles / episode   : 0.00
automaton changes / episode  : 0.01
automaton changes in window  : q1->q2: 1
epsilon (next episode)       : 0.96079
replay buffer                : 18017 samples [q1: 99.8%, q2: 0.2%, q3: 0.0%, q4: 0.0%]
state visits in window        : q1: 9168, q2: 21, q3: 0, q4: 0
state visits cumulative       : q1: 18182, q2: 35, q3: 0, q4: 0
state entries in window       : q1: 100, q2: 1, q3: 0, q4: 0
state entries cumulative      : q1: 200, q2: 2, q3: 0, q4: 0
transitions cumulative       : q1->q2: 2
Gym endings cumulative       : terminated=200, truncated=0

[Episode 300/12500 | last 100]
success rate                : 0.0% (cumulative 0.0%)
synthetic task reward       : 0.000
shaping reward              : 0.000
learning reward             : 0.000
episode length              : 95.2
abstract changes / episode  : 12.9
completed cycles / episode   : 0.00
automaton changes / episode  : 0.02
automaton changes in window  : q1->q2: 2
epsilon (next episode)       : 0.94176
replay buffer                : 27541 samples [q1: 99.7%, q2: 0.3%, q3: 0.0%, q4: 0.0%]
state visits in window        : q1: 9566, q2: 58, q3: 0, q4: 0
state visits cumulative       : q1: 27748, q2: 93, q3: 0, q4: 0
state entries in window       : q1: 100, q2: 2, q3: 0, q4: 0
state entries cumulative      : q1: 300, q2: 4, q3: 0, q4: 0
transitions cumulative       : q1->q2: 4
Gym endings cumulative       : terminated=300, truncated=0

[Episode 400/12500 | last 100]
success rate                : 0.0% (cumulative 0.0%)
synthetic task reward       : 0.000
shaping reward              : 0.000
learning reward             : 0.000
episode length              : 93.8
abstract changes / episode  : 13.0
completed cycles / episode   : 0.00
automaton changes / episode  : 0.01
automaton changes in window  : q1->q2: 1
epsilon (next episode)       : 0.92311
replay buffer                : 36921 samples [q1: 99.7%, q2: 0.3%, q3: 0.0%, q4: 0.0%]
state visits in window        : q1: 9456, q2: 24, q3: 0, q4: 0
state visits cumulative       : q1: 37204, q2: 117, q3: 0, q4: 0
state entries in window       : q1: 100, q2: 1, q3: 0, q4: 0
state entries cumulative      : q1: 400, q2: 5, q3: 0, q4: 0
transitions cumulative       : q1->q2: 5
Gym endings cumulative       : terminated=400, truncated=0

[Episode 500/12500 | last 100]
success rate                : 0.0% (cumulative 0.0%)
synthetic task reward       : 0.000
shaping reward              : 0.000
learning reward             : 0.000
episode length              : 88.8
abstract changes / episode  : 12.7
completed cycles / episode   : 0.00
automaton changes / episode  : 0.02
automaton changes in window  : q1->q2: 2
epsilon (next episode)       : 0.90483
replay buffer                : 45798 samples [q1: 99.7%, q2: 0.3%, q3: 0.0%, q4: 0.0%]
state visits in window        : q1: 8936, q2: 41, q3: 0, q4: 0
state visits cumulative       : q1: 46140, q2: 158, q3: 0, q4: 0
state entries in window       : q1: 100, q2: 2, q3: 0, q4: 0
state entries cumulative      : q1: 500, q2: 7, q3: 0, q4: 0
transitions cumulative       : q1->q2: 7
Gym endings cumulative       : terminated=500, truncated=0

[Episode 600/12500 | last 100]
success rate                : 0.0% (cumulative 0.0%)
synthetic task reward       : 0.000
shaping reward              : 0.000
learning reward             : 0.000
episode length              : 97.7
abstract changes / episode  : 13.0
completed cycles / episode   : 0.00
automaton changes / episode  : 0.02
automaton changes in window  : q1->q2: 2
epsilon (next episode)       : 0.88691
replay buffer                : 55568 samples [q1: 99.6%, q2: 0.4%, q3: 0.0%, q4: 0.0%]
state visits in window        : q1: 9820, q2: 50, q3: 0, q4: 0
state visits cumulative       : q1: 55960, q2: 208, q3: 0, q4: 0
state entries in window       : q1: 100, q2: 2, q3: 0, q4: 0
state entries cumulative      : q1: 600, q2: 9, q3: 0, q4: 0
transitions cumulative       : q1->q2: 9
Gym endings cumulative       : terminated=600, truncated=0

[Episode 700/12500 | last 100]
success rate                : 0.0% (cumulative 0.0%)
synthetic task reward       : 0.000
shaping reward              : 0.000
learning reward             : 0.000
episode length              : 97.0
abstract changes / episode  : 12.8
completed cycles / episode   : 0.00
automaton changes / episode  : 0.00
automaton changes in window  : none
epsilon (next episode)       : 0.86935
replay buffer                : 65271 samples [q1: 99.7%, q2: 0.3%, q3: 0.0%, q4: 0.0%]
state visits in window        : q1: 9803, q2: 0, q3: 0, q4: 0
state visits cumulative       : q1: 65763, q2: 208, q3: 0, q4: 0
state entries in window       : q1: 100, q2: 0, q3: 0, q4: 0
state entries cumulative      : q1: 700, q2: 9, q3: 0, q4: 0
transitions cumulative       : q1->q2: 9
Gym endings cumulative       : terminated=700, truncated=0

[Episode 800/12500 | last 100]
success rate                : 0.0% (cumulative 0.0%)
synthetic task reward       : 0.000
shaping reward              : 0.000
learning reward             : 0.000
episode length              : 100.7
abstract changes / episode  : 12.8
completed cycles / episode   : 0.00
automaton changes / episode  : 0.03
automaton changes in window  : q1->q2: 3
epsilon (next episode)       : 0.85213
replay buffer                : 75345 samples [q1: 99.6%, q2: 0.4%, q3: 0.0%, q4: 0.0%]
state visits in window        : q1: 10090, q2: 84, q3: 0, q4: 0
state visits cumulative       : q1: 75853, q2: 292, q3: 0, q4: 0
state entries in window       : q1: 100, q2: 3, q3: 0, q4: 0
state entries cumulative      : q1: 800, q2: 12, q3: 0, q4: 0
transitions cumulative       : q1->q2: 12
Gym endings cumulative       : terminated=800, truncated=0

[Episode 900/12500 | last 100]
success rate                : 0.0% (cumulative 0.0%)
synthetic task reward       : 0.000
shaping reward              : 0.000
learning reward             : 0.000
episode length              : 99.9
abstract changes / episode  : 12.5
completed cycles / episode   : 0.00
automaton changes / episode  : 0.01
automaton changes in window  : q1->q2: 1
epsilon (next episode)       : 0.83526
replay buffer                : 85338 samples [q1: 99.6%, q2: 0.4%, q3: 0.0%, q4: 0.0%]
state visits in window        : q1: 10068, q2: 25, q3: 0, q4: 0
state visits cumulative       : q1: 85921, q2: 317, q3: 0, q4: 0
state entries in window       : q1: 100, q2: 1, q3: 0, q4: 0
state entries cumulative      : q1: 900, q2: 13, q3: 0, q4: 0
transitions cumulative       : q1->q2: 13
Gym endings cumulative       : terminated=900, truncated=0

[Episode 1000/12500 | last 100]
success rate                : 0.0% (cumulative 0.0%)
synthetic task reward       : 0.000
shaping reward              : 0.000
learning reward             : 0.000
episode length              : 98.9
abstract changes / episode  : 13.0
completed cycles / episode   : 0.00
automaton changes / episode  : 0.01
automaton changes in window  : q1->q2: 1
epsilon (next episode)       : 0.81871
replay buffer                : 95227 samples [q1: 99.6%, q2: 0.4%, q3: 0.0%, q4: 0.0%]
state visits in window        : q1: 9942, q2: 47, q3: 0, q4: 0
state visits cumulative       : q1: 95863, q2: 364, q3: 0, q4: 0
state entries in window       : q1: 100, q2: 1, q3: 0, q4: 0
state entries cumulative      : q1: 1000, q2: 14, q3: 0, q4: 0
transitions cumulative       : q1->q2: 14
Gym endings cumulative       : terminated=1000, truncated=0

[Episode 1100/12500 | last 100]
success rate                : 0.0% (cumulative 0.0%)
synthetic task reward       : 0.000
shaping reward              : 0.000
learning reward             : 0.000
episode length              : 99.0
abstract changes / episode  : 12.4
completed cycles / episode   : 0.00
automaton changes / episode  : 0.04
automaton changes in window  : q1->q2: 4
epsilon (next episode)       : 0.80250
replay buffer                : 105132 samples [q1: 99.6%, q2: 0.4%, q3: 0.0%, q4: 0.0%]
state visits in window        : q1: 9923, q2: 82, q3: 0, q4: 0
state visits cumulative       : q1: 105786, q2: 446, q3: 0, q4: 0
state entries in window       : q1: 100, q2: 4, q3: 0, q4: 0
state entries cumulative      : q1: 1100, q2: 18, q3: 0, q4: 0
transitions cumulative       : q1->q2: 18
Gym endings cumulative       : terminated=1100, truncated=0

[Episode 1200/12500 | last 100]
success rate                : 0.0% (cumulative 0.0%)
synthetic task reward       : 0.000
shaping reward              : 0.000
learning reward             : 0.000
episode length              : 102.3
abstract changes / episode  : 12.8
completed cycles / episode   : 0.00
automaton changes / episode  : 0.03
automaton changes in window  : q1->q2: 3
epsilon (next episode)       : 0.78661
replay buffer                : 115363 samples [q1: 99.6%, q2: 0.4%, q3: 0.0%, q4: 0.0%]
state visits in window        : q1: 10258, q2: 73, q3: 0, q4: 0
state visits cumulative       : q1: 116044, q2: 519, q3: 0, q4: 0
state entries in window       : q1: 100, q2: 3, q3: 0, q4: 0
state entries cumulative      : q1: 1200, q2: 21, q3: 0, q4: 0
transitions cumulative       : q1->q2: 21
Gym endings cumulative       : terminated=1200, truncated=0

[Episode 1300/12500 | last 100]
success rate                : 0.0% (cumulative 0.0%)
synthetic task reward       : 0.000
shaping reward              : 0.000
learning reward             : 0.000
episode length              : 99.2
abstract changes / episode  : 12.4
completed cycles / episode   : 0.00
automaton changes / episode  : 0.04
automaton changes in window  : q1->q2: 4
epsilon (next episode)       : 0.77103
replay buffer                : 125281 samples [q1: 99.5%, q2: 0.5%, q3: 0.0%, q4: 0.0%]
state visits in window        : q1: 9947, q2: 71, q3: 0, q4: 0
state visits cumulative       : q1: 125991, q2: 590, q3: 0, q4: 0
state entries in window       : q1: 100, q2: 4, q3: 0, q4: 0
state entries cumulative      : q1: 1300, q2: 25, q3: 0, q4: 0
transitions cumulative       : q1->q2: 25
Gym endings cumulative       : terminated=1300, truncated=0

[Episode 1400/12500 | last 100]
success rate                : 0.0% (cumulative 0.0%)
synthetic task reward       : 0.000
shaping reward              : 0.000
learning reward             : 0.000
episode length              : 103.9
abstract changes / episode  : 12.5
completed cycles / episode   : 0.00
automaton changes / episode  : 0.03
automaton changes in window  : q1->q2: 3
epsilon (next episode)       : 0.75576
replay buffer                : 135675 samples [q1: 99.5%, q2: 0.5%, q3: 0.0%, q4: 0.0%]
state visits in window        : q1: 10375, q2: 119, q3: 0, q4: 0
state visits cumulative       : q1: 136366, q2: 709, q3: 0, q4: 0
state entries in window       : q1: 100, q2: 3, q3: 0, q4: 0
state entries cumulative      : q1: 1400, q2: 28, q3: 0, q4: 0
transitions cumulative       : q1->q2: 28
Gym endings cumulative       : terminated=1400, truncated=0

[Episode 1500/12500 | last 100]
success rate                : 0.0% (cumulative 0.0%)
synthetic task reward       : 0.000
shaping reward              : 0.000
learning reward             : 0.000
episode length              : 109.3
abstract changes / episode  : 12.6
completed cycles / episode   : 0.00
automaton changes / episode  : 0.00
automaton changes in window  : none
epsilon (next episode)       : 0.74080
replay buffer                : 146604 samples [q1: 99.5%, q2: 0.5%, q3: 0.0%, q4: 0.0%]
state visits in window        : q1: 11029, q2: 0, q3: 0, q4: 0
state visits cumulative       : q1: 147395, q2: 709, q3: 0, q4: 0
state entries in window       : q1: 100, q2: 0, q3: 0, q4: 0
state entries cumulative      : q1: 1500, q2: 28, q3: 0, q4: 0
transitions cumulative       : q1->q2: 28
Gym endings cumulative       : terminated=1500, truncated=0

[Episode 1600/12500 | last 100]
success rate                : 0.0% (cumulative 0.0%)
synthetic task reward       : 0.000
shaping reward              : 0.000
learning reward             : 0.000
episode length              : 116.2
abstract changes / episode  : 12.4
completed cycles / episode   : 0.00
automaton changes / episode  : 0.05
automaton changes in window  : q1->q2: 5
epsilon (next episode)       : 0.72613
replay buffer                : 158222 samples [q1: 99.5%, q2: 0.5%, q3: 0.0%, q4: 0.0%]
state visits in window        : q1: 11545, q2: 173, q3: 0, q4: 0
state visits cumulative       : q1: 158940, q2: 882, q3: 0, q4: 0
state entries in window       : q1: 100, q2: 5, q3: 0, q4: 0
state entries cumulative      : q1: 1600, q2: 33, q3: 0, q4: 0
transitions cumulative       : q1->q2: 33
Gym endings cumulative       : terminated=1600, truncated=0

[Episode 1700/12500 | last 100]
success rate                : 0.0% (cumulative 0.0%)
synthetic task reward       : 0.000
shaping reward              : 0.000
learning reward             : 0.000
episode length              : 122.7
abstract changes / episode  : 12.8
completed cycles / episode   : 0.00
automaton changes / episode  : 0.01
automaton changes in window  : q1->q2: 1
epsilon (next episode)       : 0.71175
replay buffer                : 170487 samples [q1: 99.5%, q2: 0.5%, q3: 0.0%, q4: 0.0%]
state visits in window        : q1: 12309, q2: 56, q3: 0, q4: 0
state visits cumulative       : q1: 171249, q2: 938, q3: 0, q4: 0
state entries in window       : q1: 100, q2: 1, q3: 0, q4: 0
state entries cumulative      : q1: 1700, q2: 34, q3: 0, q4: 0
transitions cumulative       : q1->q2: 34
Gym endings cumulative       : terminated=1700, truncated=0

[Episode 1800/12500 | last 100]
success rate                : 0.0% (cumulative 0.0%)
synthetic task reward       : 0.000
shaping reward              : 0.000
learning reward             : 0.000
episode length              : 121.4
abstract changes / episode  : 13.1
completed cycles / episode   : 0.00
automaton changes / episode  : 0.00
automaton changes in window  : none
epsilon (next episode)       : 0.69765
replay buffer                : 182631 samples [q1: 99.5%, q2: 0.5%, q3: 0.0%, q4: 0.0%]
state visits in window        : q1: 12244, q2: 0, q3: 0, q4: 0
state visits cumulative       : q1: 183493, q2: 938, q3: 0, q4: 0
state entries in window       : q1: 100, q2: 0, q3: 0, q4: 0
state entries cumulative      : q1: 1800, q2: 34, q3: 0, q4: 0
transitions cumulative       : q1->q2: 34
Gym endings cumulative       : terminated=1800, truncated=0

[Episode 1900/12500 | last 100]
success rate                : 0.0% (cumulative 0.0%)
synthetic task reward       : 0.000
shaping reward              : 0.000
learning reward             : 0.000
episode length              : 121.1
abstract changes / episode  : 12.9
completed cycles / episode   : 0.00
automaton changes / episode  : 0.02
automaton changes in window  : q1->q2: 2
epsilon (next episode)       : 0.68384
replay buffer                : 194744 samples [q1: 99.5%, q2: 0.5%, q3: 0.0%, q4: 0.0%]
state visits in window        : q1: 12117, q2: 96, q3: 0, q4: 0
state visits cumulative       : q1: 195610, q2: 1034, q3: 0, q4: 0
state entries in window       : q1: 100, q2: 2, q3: 0, q4: 0
state entries cumulative      : q1: 1900, q2: 36, q3: 0, q4: 0
transitions cumulative       : q1->q2: 36
Gym endings cumulative       : terminated=1900, truncated=0

[Episode 2000/12500 | last 100]
success rate                : 0.0% (cumulative 0.0%)
synthetic task reward       : 0.000
shaping reward              : 0.000
learning reward             : 0.000
episode length              : 130.2
abstract changes / episode  : 12.4
completed cycles / episode   : 0.00
automaton changes / episode  : 0.02
automaton changes in window  : q1->q2: 2
epsilon (next episode)       : 0.67029
replay buffer                : 207768 samples [q1: 99.5%, q2: 0.5%, q3: 0.0%, q4: 0.0%]
state visits in window        : q1: 13046, q2: 78, q3: 0, q4: 0
state visits cumulative       : q1: 208656, q2: 1112, q3: 0, q4: 0
state entries in window       : q1: 100, q2: 2, q3: 0, q4: 0
state entries cumulative      : q1: 2000, q2: 38, q3: 0, q4: 0
transitions cumulative       : q1->q2: 38
Gym endings cumulative       : terminated=2000, truncated=0

[Episode 2100/12500 | last 100]
success rate                : 0.0% (cumulative 0.0%)
synthetic task reward       : 0.000
shaping reward              : 0.000
learning reward             : 0.000
episode length              : 129.4
abstract changes / episode  : 12.7
completed cycles / episode   : 0.00
automaton changes / episode  : 0.00
automaton changes in window  : none
epsilon (next episode)       : 0.65702
replay buffer                : 220704 samples [q1: 99.5%, q2: 0.5%, q3: 0.0%, q4: 0.0%]
state visits in window        : q1: 13036, q2: 0, q3: 0, q4: 0
state visits cumulative       : q1: 221692, q2: 1112, q3: 0, q4: 0
state entries in window       : q1: 100, q2: 0, q3: 0, q4: 0
state entries cumulative      : q1: 2100, q2: 38, q3: 0, q4: 0
transitions cumulative       : q1->q2: 38
Gym endings cumulative       : terminated=2100, truncated=0

[Episode 2200/12500 | last 100]
success rate                : 0.0% (cumulative 0.0%)
synthetic task reward       : 0.000
shaping reward              : 0.000
learning reward             : 0.000
episode length              : 136.5
abstract changes / episode  : 12.7
completed cycles / episode   : 0.00
automaton changes / episode  : 0.03
automaton changes in window  : q1->q2: 3
epsilon (next episode)       : 0.64401
replay buffer                : 234352 samples [q1: 99.5%, q2: 0.5%, q3: 0.0%, q4: 0.0%]
state visits in window        : q1: 13592, q2: 156, q3: 0, q4: 0
state visits cumulative       : q1: 235284, q2: 1268, q3: 0, q4: 0
state entries in window       : q1: 100, q2: 3, q3: 0, q4: 0
state entries cumulative      : q1: 2200, q2: 41, q3: 0, q4: 0
transitions cumulative       : q1->q2: 41
Gym endings cumulative       : terminated=2200, truncated=0

[Episode 2300/12500 | last 100]
success rate                : 0.0% (cumulative 0.0%)
synthetic task reward       : 0.000
shaping reward              : 0.000
learning reward             : 0.000
episode length              : 143.8
abstract changes / episode  : 13.4
completed cycles / episode   : 0.00
automaton changes / episode  : 0.05
automaton changes in window  : q1->q2: 5
epsilon (next episode)       : 0.63125
replay buffer                : 248737 samples [q1: 99.4%, q2: 0.6%, q3: 0.0%, q4: 0.0%]
state visits in window        : q1: 14235, q2: 250, q3: 0, q4: 0
state visits cumulative       : q1: 249519, q2: 1518, q3: 0, q4: 0
state entries in window       : q1: 100, q2: 5, q3: 0, q4: 0
state entries cumulative      : q1: 2300, q2: 46, q3: 0, q4: 0
transitions cumulative       : q1->q2: 46
Gym endings cumulative       : terminated=2300, truncated=0

[Episode 2400/12500 | last 100]
success rate                : 0.0% (cumulative 0.0%)
synthetic task reward       : 0.000
shaping reward              : 0.000
learning reward             : 0.000
episode length              : 146.4
abstract changes / episode  : 12.8
completed cycles / episode   : 0.00
automaton changes / episode  : 0.05
automaton changes in window  : q1->q2: 5
epsilon (next episode)       : 0.61875
replay buffer                : 263380 samples [q1: 99.4%, q2: 0.6%, q3: 0.0%, q4: 0.0%]
state visits in window        : q1: 14637, q2: 106, q3: 0, q4: 0
state visits cumulative       : q1: 264156, q2: 1624, q3: 0, q4: 0
state entries in window       : q1: 100, q2: 5, q3: 0, q4: 0
state entries cumulative      : q1: 2400, q2: 51, q3: 0, q4: 0
transitions cumulative       : q1->q2: 51
Gym endings cumulative       : terminated=2400, truncated=0

[Episode 2500/12500 | last 100]
success rate                : 0.0% (cumulative 0.0%)
synthetic task reward       : 0.000
shaping reward              : 0.000
learning reward             : 0.000
episode length              : 148.0
abstract changes / episode  : 13.4
completed cycles / episode   : 0.00
automaton changes / episode  : 0.02
automaton changes in window  : q1->q2: 2
epsilon (next episode)       : 0.60650
replay buffer                : 278176 samples [q1: 99.4%, q2: 0.6%, q3: 0.0%, q4: 0.0%]
state visits in window        : q1: 14838, q2: 58, q3: 0, q4: 0
state visits cumulative       : q1: 278994, q2: 1682, q3: 0, q4: 0
state entries in window       : q1: 100, q2: 2, q3: 0, q4: 0
state entries cumulative      : q1: 2500, q2: 53, q3: 0, q4: 0
transitions cumulative       : q1->q2: 53
Gym endings cumulative       : terminated=2500, truncated=0

[Episode 2600/12500 | last 100]
success rate                : 0.0% (cumulative 0.0%)
synthetic task reward       : 0.000
shaping reward              : 0.000
learning reward             : 0.000
episode length              : 118.9
abstract changes / episode  : 13.1
completed cycles / episode   : 0.00
automaton changes / episode  : 0.00
automaton changes in window  : none
epsilon (next episode)       : 0.59449
replay buffer                : 290066 samples [q1: 99.4%, q2: 0.6%, q3: 0.0%, q4: 0.0%]
state visits in window        : q1: 11990, q2: 0, q3: 0, q4: 0
state visits cumulative       : q1: 290984, q2: 1682, q3: 0, q4: 0
state entries in window       : q1: 100, q2: 0, q3: 0, q4: 0
state entries cumulative      : q1: 2600, q2: 53, q3: 0, q4: 0
transitions cumulative       : q1->q2: 53
Gym endings cumulative       : terminated=2600, truncated=0

[Episode 2700/12500 | last 100]
success rate                : 0.0% (cumulative 0.0%)
synthetic task reward       : 0.000
shaping reward              : 0.000
learning reward             : 0.000
episode length              : 101.7
abstract changes / episode  : 12.7
completed cycles / episode   : 0.00
automaton changes / episode  : 0.00
automaton changes in window  : none
epsilon (next episode)       : 0.58272
replay buffer                : 300000 samples [q1: 99.5%, q2: 0.5%, q3: 0.0%, q4: 0.0%]
state visits in window        : q1: 10272, q2: 0, q3: 0, q4: 0
state visits cumulative       : q1: 301256, q2: 1682, q3: 0, q4: 0
state entries in window       : q1: 100, q2: 0, q3: 0, q4: 0
state entries cumulative      : q1: 2700, q2: 53, q3: 0, q4: 0
transitions cumulative       : q1->q2: 53
Gym endings cumulative       : terminated=2700, truncated=0

[Episode 2800/12500 | last 100]
success rate                : 0.0% (cumulative 0.0%)
synthetic task reward       : 0.000
shaping reward              : 0.000
learning reward             : 0.000
episode length              : 101.9
abstract changes / episode  : 13.0
completed cycles / episode   : 0.00
automaton changes / episode  : 0.00
automaton changes in window  : none
epsilon (next episode)       : 0.57118
replay buffer                : 300000 samples [q1: 99.5%, q2: 0.5%, q3: 0.0%, q4: 0.0%]
state visits in window        : q1: 10294, q2: 0, q3: 0, q4: 0
state visits cumulative       : q1: 311550, q2: 1682, q3: 0, q4: 0
state entries in window       : q1: 100, q2: 0, q3: 0, q4: 0
state entries cumulative      : q1: 2800, q2: 53, q3: 0, q4: 0
transitions cumulative       : q1->q2: 53
Gym endings cumulative       : terminated=2800, truncated=0

[Episode 2900/12500 | last 100]
success rate                : 0.0% (cumulative 0.0%)
synthetic task reward       : 0.000
shaping reward              : 0.000
learning reward             : 0.000
episode length              : 103.8
abstract changes / episode  : 12.9
completed cycles / episode   : 0.00
automaton changes / episode  : 0.00
automaton changes in window  : none
epsilon (next episode)       : 0.55987
replay buffer                : 300000 samples [q1: 99.5%, q2: 0.5%, q3: 0.0%, q4: 0.0%]
state visits in window        : q1: 10480, q2: 0, q3: 0, q4: 0
state visits cumulative       : q1: 322030, q2: 1682, q3: 0, q4: 0
state entries in window       : q1: 100, q2: 0, q3: 0, q4: 0
state entries cumulative      : q1: 2900, q2: 53, q3: 0, q4: 0
transitions cumulative       : q1->q2: 53
Gym endings cumulative       : terminated=2900, truncated=0

[Episode 3000/12500 | last 100]
success rate                : 0.0% (cumulative 0.0%)
synthetic task reward       : 0.000
shaping reward              : 0.000
learning reward             : 0.000
episode length              : 170.3
abstract changes / episode  : 13.9
completed cycles / episode   : 0.00
automaton changes / episode  : 0.00
automaton changes in window  : none
epsilon (next episode)       : 0.54878
replay buffer                : 300000 samples [q1: 99.5%, q2: 0.5%, q3: 0.0%, q4: 0.0%]
state visits in window        : q1: 17134, q2: 0, q3: 0, q4: 0
state visits cumulative       : q1: 339164, q2: 1682, q3: 0, q4: 0
state entries in window       : q1: 100, q2: 0, q3: 0, q4: 0
state entries cumulative      : q1: 3000, q2: 53, q3: 0, q4: 0
transitions cumulative       : q1->q2: 53
Gym endings cumulative       : terminated=3000, truncated=0

[Episode 3100/12500 | last 100]
success rate                : 0.0% (cumulative 0.0%)
synthetic task reward       : 0.000
shaping reward              : 0.000
learning reward             : 0.000
episode length              : 157.0
abstract changes / episode  : 13.1
completed cycles / episode   : 0.00
automaton changes / episode  : 0.00
automaton changes in window  : none
epsilon (next episode)       : 0.53791
replay buffer                : 300000 samples [q1: 99.5%, q2: 0.5%, q3: 0.0%, q4: 0.0%]
state visits in window        : q1: 15803, q2: 0, q3: 0, q4: 0
state visits cumulative       : q1: 354967, q2: 1682, q3: 0, q4: 0
state entries in window       : q1: 100, q2: 0, q3: 0, q4: 0
state entries cumulative      : q1: 3100, q2: 53, q3: 0, q4: 0
transitions cumulative       : q1->q2: 53
Gym endings cumulative       : terminated=3099, truncated=1

[Episode 3200/12500 | last 100]
success rate                : 0.0% (cumulative 0.0%)
synthetic task reward       : 0.000
shaping reward              : 0.000
learning reward             : 0.000
episode length              : 194.4
abstract changes / episode  : 14.8
completed cycles / episode   : 0.00
automaton changes / episode  : 0.02
automaton changes in window  : q1->q2: 2
epsilon (next episode)       : 0.52726
replay buffer                : 300000 samples [q1: 99.5%, q2: 0.5%, q3: 0.0%, q4: 0.0%]
state visits in window        : q1: 19496, q2: 44, q3: 0, q4: 0
state visits cumulative       : q1: 374463, q2: 1726, q3: 0, q4: 0
state entries in window       : q1: 100, q2: 2, q3: 0, q4: 0
state entries cumulative      : q1: 3200, q2: 55, q3: 0, q4: 0
transitions cumulative       : q1->q2: 55
Gym endings cumulative       : terminated=3199, truncated=1

[Episode 3300/12500 | last 100]
success rate                : 0.0% (cumulative 0.0%)
synthetic task reward       : 0.000
shaping reward              : 0.000
learning reward             : 0.000
episode length              : 240.3
abstract changes / episode  : 15.0
completed cycles / episode   : 0.00
automaton changes / episode  : 0.00
automaton changes in window  : none
epsilon (next episode)       : 0.51682
replay buffer                : 300000 samples [q1: 99.6%, q2: 0.4%, q3: 0.0%, q4: 0.0%]
state visits in window        : q1: 24130, q2: 0, q3: 0, q4: 0
state visits cumulative       : q1: 398593, q2: 1726, q3: 0, q4: 0
state entries in window       : q1: 100, q2: 0, q3: 0, q4: 0
state entries cumulative      : q1: 3300, q2: 55, q3: 0, q4: 0
transitions cumulative       : q1->q2: 55
Gym endings cumulative       : terminated=3298, truncated=2

[Episode 3400/12500 | last 100]
success rate                : 0.0% (cumulative 0.0%)
synthetic task reward       : 0.000
shaping reward              : 0.000
learning reward             : 0.000
episode length              : 280.0
abstract changes / episode  : 16.0
completed cycles / episode   : 0.00
automaton changes / episode  : 0.02
automaton changes in window  : q1->q2: 2
epsilon (next episode)       : 0.50658
replay buffer                : 300000 samples [q1: 99.6%, q2: 0.4%, q3: 0.0%, q4: 0.0%]
state visits in window        : q1: 27966, q2: 134, q3: 0, q4: 0
state visits cumulative       : q1: 426559, q2: 1860, q3: 0, q4: 0
state entries in window       : q1: 100, q2: 2, q3: 0, q4: 0
state entries cumulative      : q1: 3400, q2: 57, q3: 0, q4: 0
transitions cumulative       : q1->q2: 57
Gym endings cumulative       : terminated=3397, truncated=3

[Episode 3500/12500 | last 100]
success rate                : 0.0% (cumulative 0.0%)
synthetic task reward       : 0.000
shaping reward              : 0.000
learning reward             : 0.000
episode length              : 164.7
abstract changes / episode  : 14.1
completed cycles / episode   : 0.00
automaton changes / episode  : 0.19
automaton changes in window  : q1->q2: 19
epsilon (next episode)       : 0.49655
replay buffer                : 300000 samples [q1: 99.2%, q2: 0.8%, q3: 0.0%, q4: 0.0%]
state visits in window        : q1: 15223, q2: 1343, q3: 0, q4: 0
state visits cumulative       : q1: 441782, q2: 3203, q3: 0, q4: 0
state entries in window       : q1: 100, q2: 19, q3: 0, q4: 0
state entries cumulative      : q1: 3500, q2: 76, q3: 0, q4: 0
transitions cumulative       : q1->q2: 76
Gym endings cumulative       : terminated=3497, truncated=3

[Episode 3600/12500 | last 100]
success rate                : 0.0% (cumulative 0.0%)
synthetic task reward       : 0.000
shaping reward              : 0.000
learning reward             : 0.000
episode length              : 240.3
abstract changes / episode  : 17.3
completed cycles / episode   : 0.00
automaton changes / episode  : 0.00
automaton changes in window  : none
epsilon (next episode)       : 0.48672
replay buffer                : 300000 samples [q1: 99.2%, q2: 0.8%, q3: 0.0%, q4: 0.0%]
state visits in window        : q1: 24129, q2: 0, q3: 0, q4: 0
state visits cumulative       : q1: 465911, q2: 3203, q3: 0, q4: 0
state entries in window       : q1: 100, q2: 0, q3: 0, q4: 0
state entries cumulative      : q1: 3600, q2: 76, q3: 0, q4: 0
transitions cumulative       : q1->q2: 76
Gym endings cumulative       : terminated=3597, truncated=3

[Episode 3700/12500 | last 100]
success rate                : 0.0% (cumulative 0.0%)
synthetic task reward       : 0.000
shaping reward              : 0.000
learning reward             : 0.000
episode length              : 432.6
abstract changes / episode  : 18.3
completed cycles / episode   : 0.00
automaton changes / episode  : 0.00
automaton changes in window  : none
epsilon (next episode)       : 0.47708
replay buffer                : 300000 samples [q1: 99.3%, q2: 0.7%, q3: 0.0%, q4: 0.0%]
state visits in window        : q1: 43356, q2: 0, q3: 0, q4: 0
state visits cumulative       : q1: 509267, q2: 3203, q3: 0, q4: 0
state entries in window       : q1: 100, q2: 0, q3: 0, q4: 0
state entries cumulative      : q1: 3700, q2: 76, q3: 0, q4: 0
transitions cumulative       : q1->q2: 76
Gym endings cumulative       : terminated=3695, truncated=5

[Episode 3800/12500 | last 100]
success rate                : 0.0% (cumulative 0.0%)
synthetic task reward       : 0.000
shaping reward              : 0.000
learning reward             : 0.000
episode length              : 204.7
abstract changes / episode  : 16.5
completed cycles / episode   : 0.00
automaton changes / episode  : 0.00
automaton changes in window  : none
epsilon (next episode)       : 0.46763
replay buffer                : 300000 samples [q1: 99.3%, q2: 0.7%, q3: 0.0%, q4: 0.0%]
state visits in window        : q1: 20571, q2: 0, q3: 0, q4: 0
state visits cumulative       : q1: 529838, q2: 3203, q3: 0, q4: 0
state entries in window       : q1: 100, q2: 0, q3: 0, q4: 0
state entries cumulative      : q1: 3800, q2: 76, q3: 0, q4: 0
transitions cumulative       : q1->q2: 76
Gym endings cumulative       : terminated=3795, truncated=5

[Episode 3900/12500 | last 100]
success rate                : 0.0% (cumulative 0.0%)
synthetic task reward       : 0.000
shaping reward              : 0.000
learning reward             : 0.000
episode length              : 179.2
abstract changes / episode  : 12.9
completed cycles / episode   : 0.00
automaton changes / episode  : 0.04
automaton changes in window  : q1->q2: 4
epsilon (next episode)       : 0.45837
replay buffer                : 300000 samples [q1: 99.4%, q2: 0.6%, q3: 0.0%, q4: 0.0%]
state visits in window        : q1: 17723, q2: 294, q3: 0, q4: 0
state visits cumulative       : q1: 547561, q2: 3497, q3: 0, q4: 0
state entries in window       : q1: 100, q2: 4, q3: 0, q4: 0
state entries cumulative      : q1: 3900, q2: 80, q3: 0, q4: 0
transitions cumulative       : q1->q2: 80
Gym endings cumulative       : terminated=3895, truncated=5

[Episode 4000/12500 | last 100]
success rate                : 0.0% (cumulative 0.0%)
synthetic task reward       : 0.000
shaping reward              : 0.000
learning reward             : 0.000
episode length              : 212.1
abstract changes / episode  : 13.3
completed cycles / episode   : 0.00
automaton changes / episode  : 0.05
automaton changes in window  : q1->q2: 5
epsilon (next episode)       : 0.44929
replay buffer                : 300000 samples [q1: 99.3%, q2: 0.7%, q3: 0.0%, q4: 0.0%]
state visits in window        : q1: 21027, q2: 285, q3: 0, q4: 0
state visits cumulative       : q1: 568588, q2: 3782, q3: 0, q4: 0
state entries in window       : q1: 100, q2: 5, q3: 0, q4: 0
state entries cumulative      : q1: 4000, q2: 85, q3: 0, q4: 0
transitions cumulative       : q1->q2: 85
Gym endings cumulative       : terminated=3995, truncated=5

[Episode 4100/12500 | last 100]
success rate                : 0.0% (cumulative 0.0%)
synthetic task reward       : 0.000
shaping reward              : 0.000
learning reward             : 0.000
episode length              : 350.9
abstract changes / episode  : 21.6
completed cycles / episode   : 0.00
automaton changes / episode  : 0.08
automaton changes in window  : q1->q2: 7, q2->q3: 1
epsilon (next episode)       : 0.44040
replay buffer                : 300000 samples [q1: 99.0%, q2: 1.0%, q3: 0.0%, q4: 0.0%]
state visits in window        : q1: 34188, q2: 917, q3: 87, q4: 0
state visits cumulative       : q1: 602776, q2: 4699, q3: 87, q4: 0
state entries in window       : q1: 100, q2: 7, q3: 1, q4: 0
state entries cumulative      : q1: 4100, q2: 92, q3: 1, q4: 0
transitions cumulative       : q1->q2: 92, q2->q3: 1
Gym endings cumulative       : terminated=4095, truncated=5

[Episode 4200/12500 | last 100]
success rate                : 0.0% (cumulative 0.0%)
synthetic task reward       : 0.000
shaping reward              : 0.000
learning reward             : 0.000
episode length              : 289.7
abstract changes / episode  : 18.3
completed cycles / episode   : 0.00
automaton changes / episode  : 0.00
automaton changes in window  : none
epsilon (next episode)       : 0.43167
replay buffer                : 300000 samples [q1: 99.0%, q2: 1.0%, q3: 0.0%, q4: 0.0%]
state visits in window        : q1: 29072, q2: 0, q3: 0, q4: 0
state visits cumulative       : q1: 631848, q2: 4699, q3: 87, q4: 0
state entries in window       : q1: 100, q2: 0, q3: 0, q4: 0
state entries cumulative      : q1: 4200, q2: 92, q3: 1, q4: 0
transitions cumulative       : q1->q2: 92, q2->q3: 1
Gym endings cumulative       : terminated=4194, truncated=6

[Episode 4300/12500 | last 100]
success rate                : 0.0% (cumulative 0.0%)
synthetic task reward       : 0.000
shaping reward              : 0.000
learning reward             : 0.000
episode length              : 197.8
abstract changes / episode  : 16.0
completed cycles / episode   : 0.00
automaton changes / episode  : 0.02
automaton changes in window  : q1->q2: 2
epsilon (next episode)       : 0.42313
replay buffer                : 300000 samples [q1: 99.0%, q2: 1.0%, q3: 0.0%, q4: 0.0%]
state visits in window        : q1: 19817, q2: 64, q3: 0, q4: 0
state visits cumulative       : q1: 651665, q2: 4763, q3: 87, q4: 0
state entries in window       : q1: 100, q2: 2, q3: 0, q4: 0
state entries cumulative      : q1: 4300, q2: 94, q3: 1, q4: 0
transitions cumulative       : q1->q2: 94, q2->q3: 1
Gym endings cumulative       : terminated=4294, truncated=6

[Episode 4400/12500 | last 100]
success rate                : 0.0% (cumulative 0.0%)
synthetic task reward       : 0.000
shaping reward              : 0.000
learning reward             : 0.000
episode length              : 212.8
abstract changes / episode  : 17.1
completed cycles / episode   : 0.00
automaton changes / episode  : 0.02
automaton changes in window  : q1->q2: 2
epsilon (next episode)       : 0.41475
replay buffer                : 300000 samples [q1: 98.5%, q2: 1.4%, q3: 0.0%, q4: 0.0%]
state visits in window        : q1: 20042, q2: 1343, q3: 0, q4: 0
state visits cumulative       : q1: 671707, q2: 6106, q3: 87, q4: 0
state entries in window       : q1: 100, q2: 2, q3: 0, q4: 0
state entries cumulative      : q1: 4400, q2: 96, q3: 1, q4: 0
transitions cumulative       : q1->q2: 96, q2->q3: 1
Gym endings cumulative       : terminated=4394, truncated=6

[Episode 4500/12500 | last 100]
success rate                : 0.0% (cumulative 0.0%)
synthetic task reward       : 0.000
shaping reward              : 0.000
learning reward             : 0.000
episode length              : 167.5
abstract changes / episode  : 13.9
completed cycles / episode   : 0.00
automaton changes / episode  : 0.00
automaton changes in window  : none
epsilon (next episode)       : 0.40653
replay buffer                : 300000 samples [q1: 98.5%, q2: 1.4%, q3: 0.0%, q4: 0.0%]
state visits in window        : q1: 16850, q2: 0, q3: 0, q4: 0
state visits cumulative       : q1: 688557, q2: 6106, q3: 87, q4: 0
state entries in window       : q1: 100, q2: 0, q3: 0, q4: 0
state entries cumulative      : q1: 4500, q2: 96, q3: 1, q4: 0
transitions cumulative       : q1->q2: 96, q2->q3: 1
Gym endings cumulative       : terminated=4494, truncated=6

[Episode 4600/12500 | last 100]
success rate                : 0.0% (cumulative 0.0%)
synthetic task reward       : 0.000
shaping reward              : 0.000
learning reward             : 0.000
episode length              : 237.0
abstract changes / episode  : 17.9
completed cycles / episode   : 0.00
automaton changes / episode  : 0.05
automaton changes in window  : q1->q2: 5
epsilon (next episode)       : 0.39848
replay buffer                : 300000 samples [q1: 98.2%, q2: 1.7%, q3: 0.0%, q4: 0.0%]
state visits in window        : q1: 22903, q2: 901, q3: 0, q4: 0
state visits cumulative       : q1: 711460, q2: 7007, q3: 87, q4: 0
state entries in window       : q1: 100, q2: 5, q3: 0, q4: 0
state entries cumulative      : q1: 4600, q2: 101, q3: 1, q4: 0
transitions cumulative       : q1->q2: 101, q2->q3: 1
Gym endings cumulative       : terminated=4594, truncated=6

[Episode 4700/12500 | last 100]
success rate                : 0.0% (cumulative 0.0%)
synthetic task reward       : 0.000
shaping reward              : 0.000
learning reward             : 0.000
episode length              : 345.4
abstract changes / episode  : 15.6
completed cycles / episode   : 0.00
automaton changes / episode  : 0.06
automaton changes in window  : q1->q2: 6
epsilon (next episode)       : 0.39059
replay buffer                : 300000 samples [q1: 98.6%, q2: 1.4%, q3: 0.0%, q4: 0.0%]
state visits in window        : q1: 34192, q2: 452, q3: 0, q4: 0
state visits cumulative       : q1: 745652, q2: 7459, q3: 87, q4: 0
state entries in window       : q1: 100, q2: 6, q3: 0, q4: 0
state entries cumulative      : q1: 4700, q2: 107, q3: 1, q4: 0
transitions cumulative       : q1->q2: 107, q2->q3: 1
Gym endings cumulative       : terminated=4694, truncated=6

[Episode 4800/12500 | last 100]
success rate                : 0.0% (cumulative 0.0%)
synthetic task reward       : 0.000
shaping reward              : 0.000
learning reward             : 0.000
episode length              : 508.8
abstract changes / episode  : 27.0
completed cycles / episode   : 0.00
automaton changes / episode  : 0.18
automaton changes in window  : q1->q2: 18
epsilon (next episode)       : 0.38286
replay buffer                : 300000 samples [q1: 97.5%, q2: 2.5%, q3: 0.0%, q4: 0.0%]
state visits in window        : q1: 47659, q2: 3322, q3: 0, q4: 0
state visits cumulative       : q1: 793311, q2: 10781, q3: 87, q4: 0
state entries in window       : q1: 100, q2: 18, q3: 0, q4: 0
state entries cumulative      : q1: 4800, q2: 125, q3: 1, q4: 0
transitions cumulative       : q1->q2: 125, q2->q3: 1
Gym endings cumulative       : terminated=4794, truncated=6

[Episode 4900/12500 | last 100]
success rate                : 0.0% (cumulative 0.0%)
synthetic task reward       : 0.000
shaping reward              : 0.000
learning reward             : 0.000
episode length              : 534.5
abstract changes / episode  : 21.1
completed cycles / episode   : 0.00
automaton changes / episode  : 0.14
automaton changes in window  : q1->q2: 14
epsilon (next episode)       : 0.37527
replay buffer                : 300000 samples [q1: 96.4%, q2: 3.6%, q3: 0.0%, q4: 0.0%]
state visits in window        : q1: 50051, q2: 3496, q3: 0, q4: 0
state visits cumulative       : q1: 843362, q2: 14277, q3: 87, q4: 0
state entries in window       : q1: 100, q2: 14, q3: 0, q4: 0
state entries cumulative      : q1: 4900, q2: 139, q3: 1, q4: 0
transitions cumulative       : q1->q2: 139, q2->q3: 1
Gym endings cumulative       : terminated=4893, truncated=7

[Episode 5000/12500 | last 100]
success rate                : 0.0% (cumulative 0.0%)
synthetic task reward       : 0.000
shaping reward              : 0.000
learning reward             : 0.000
episode length              : 421.9
abstract changes / episode  : 24.8
completed cycles / episode   : 0.00
automaton changes / episode  : 0.01
automaton changes in window  : q1->q2: 1
epsilon (next episode)       : 0.36784
replay buffer                : 300000 samples [q1: 96.8%, q2: 3.2%, q3: 0.0%, q4: 0.0%]
state visits in window        : q1: 42258, q2: 33, q3: 0, q4: 0
state visits cumulative       : q1: 885620, q2: 14310, q3: 87, q4: 0
state entries in window       : q1: 100, q2: 1, q3: 0, q4: 0
state entries cumulative      : q1: 5000, q2: 140, q3: 1, q4: 0
transitions cumulative       : q1->q2: 140, q2->q3: 1
Gym endings cumulative       : terminated=4993, truncated=7

[Episode 5100/12500 | last 100]
success rate                : 0.0% (cumulative 0.0%)
synthetic task reward       : 0.000
shaping reward              : 0.000
learning reward             : 0.000
episode length              : 227.0
abstract changes / episode  : 16.9
completed cycles / episode   : 0.00
automaton changes / episode  : 0.04
automaton changes in window  : q1->q2: 4
epsilon (next episode)       : 0.36056
replay buffer                : 300000 samples [q1: 96.7%, q2: 3.3%, q3: 0.0%, q4: 0.0%]
state visits in window        : q1: 22580, q2: 222, q3: 0, q4: 0
state visits cumulative       : q1: 908200, q2: 14532, q3: 87, q4: 0
state entries in window       : q1: 100, q2: 4, q3: 0, q4: 0
state entries cumulative      : q1: 5100, q2: 144, q3: 1, q4: 0
transitions cumulative       : q1->q2: 144, q2->q3: 1
Gym endings cumulative       : terminated=5093, truncated=7

[Episode 5200/12500 | last 100]
success rate                : 0.0% (cumulative 0.0%)
synthetic task reward       : 0.000
shaping reward              : 0.000
learning reward             : 0.000
episode length              : 148.5
abstract changes / episode  : 13.8
completed cycles / episode   : 0.00
automaton changes / episode  : 0.05
automaton changes in window  : q1->q2: 5
epsilon (next episode)       : 0.35342
replay buffer                : 300000 samples [q1: 96.6%, q2: 3.4%, q3: 0.0%, q4: 0.0%]
state visits in window        : q1: 14537, q2: 411, q3: 0, q4: 0
state visits cumulative       : q1: 922737, q2: 14943, q3: 87, q4: 0
state entries in window       : q1: 100, q2: 5, q3: 0, q4: 0
state entries cumulative      : q1: 5200, q2: 149, q3: 1, q4: 0
transitions cumulative       : q1->q2: 149, q2->q3: 1
Gym endings cumulative       : terminated=5193, truncated=7

[Episode 5300/12500 | last 100]
success rate                : 0.0% (cumulative 0.0%)
synthetic task reward       : 0.000
shaping reward              : 0.000
learning reward             : 0.000
episode length              : 116.6
abstract changes / episode  : 13.2
completed cycles / episode   : 0.00
automaton changes / episode  : 0.03
automaton changes in window  : q1->q2: 3
epsilon (next episode)       : 0.34642
replay buffer                : 300000 samples [q1: 96.6%, q2: 3.4%, q3: 0.0%, q4: 0.0%]
state visits in window        : q1: 11646, q2: 116, q3: 0, q4: 0
state visits cumulative       : q1: 934383, q2: 15059, q3: 87, q4: 0
state entries in window       : q1: 100, q2: 3, q3: 0, q4: 0
state entries cumulative      : q1: 5300, q2: 152, q3: 1, q4: 0
transitions cumulative       : q1->q2: 152, q2->q3: 1
Gym endings cumulative       : terminated=5293, truncated=7

[Episode 5400/12500 | last 100]
success rate                : 0.0% (cumulative 0.0%)
synthetic task reward       : 0.000
shaping reward              : 0.000
learning reward             : 0.000
episode length              : 106.1
abstract changes / episode  : 12.6
completed cycles / episode   : 0.00
automaton changes / episode  : 0.01
automaton changes in window  : q1->q2: 1
epsilon (next episode)       : 0.33956
replay buffer                : 300000 samples [q1: 96.6%, q2: 3.4%, q3: 0.0%, q4: 0.0%]
state visits in window        : q1: 10625, q2: 81, q3: 0, q4: 0
state visits cumulative       : q1: 945008, q2: 15140, q3: 87, q4: 0
state entries in window       : q1: 100, q2: 1, q3: 0, q4: 0
state entries cumulative      : q1: 5400, q2: 153, q3: 1, q4: 0
transitions cumulative       : q1->q2: 153, q2->q3: 1
Gym endings cumulative       : terminated=5393, truncated=7

[Episode 5500/12500 | last 100]
success rate                : 0.0% (cumulative 0.0%)
synthetic task reward       : 0.000
shaping reward              : 0.000
learning reward             : 0.000
episode length              : 99.6
abstract changes / episode  : 12.8
completed cycles / episode   : 0.00
automaton changes / episode  : 0.06
automaton changes in window  : q1->q2: 6
epsilon (next episode)       : 0.33283
replay buffer                : 300000 samples [q1: 96.8%, q2: 3.2%, q3: 0.0%, q4: 0.0%]
state visits in window        : q1: 9750, q2: 307, q3: 0, q4: 0
state visits cumulative       : q1: 954758, q2: 15447, q3: 87, q4: 0
state entries in window       : q1: 100, q2: 6, q3: 0, q4: 0
state entries cumulative      : q1: 5500, q2: 159, q3: 1, q4: 0
transitions cumulative       : q1->q2: 159, q2->q3: 1
Gym endings cumulative       : terminated=5493, truncated=7

[Episode 5600/12500 | last 100]
success rate                : 0.0% (cumulative 0.0%)
synthetic task reward       : 0.000
shaping reward              : 0.000
learning reward             : 0.000
episode length              : 96.4
abstract changes / episode  : 12.6
completed cycles / episode   : 0.00
automaton changes / episode  : 0.05
automaton changes in window  : q1->q2: 5
epsilon (next episode)       : 0.32624
replay buffer                : 300000 samples [q1: 96.9%, q2: 3.1%, q3: 0.0%, q4: 0.0%]
state visits in window        : q1: 9600, q2: 139, q3: 0, q4: 0
state visits cumulative       : q1: 964358, q2: 15586, q3: 87, q4: 0
state entries in window       : q1: 100, q2: 5, q3: 0, q4: 0
state entries cumulative      : q1: 5600, q2: 164, q3: 1, q4: 0
transitions cumulative       : q1->q2: 164, q2->q3: 1
Gym endings cumulative       : terminated=5593, truncated=7

[Episode 5700/12500 | last 100]
success rate                : 0.0% (cumulative 0.0%)
synthetic task reward       : 0.000
shaping reward              : 0.000
learning reward             : 0.000
episode length              : 100.5
abstract changes / episode  : 12.6
completed cycles / episode   : 0.00
automaton changes / episode  : 0.07
automaton changes in window  : q1->q2: 7
epsilon (next episode)       : 0.31978
replay buffer                : 300000 samples [q1: 96.8%, q2: 3.2%, q3: 0.0%, q4: 0.0%]
state visits in window        : q1: 9976, q2: 173, q3: 0, q4: 0
state visits cumulative       : q1: 974334, q2: 15759, q3: 87, q4: 0
state entries in window       : q1: 100, q2: 7, q3: 0, q4: 0
state entries cumulative      : q1: 5700, q2: 171, q3: 1, q4: 0
transitions cumulative       : q1->q2: 171, q2->q3: 1
Gym endings cumulative       : terminated=5693, truncated=7

[Episode 5800/12500 | last 100]
success rate                : 0.0% (cumulative 0.0%)
synthetic task reward       : 0.000
shaping reward              : 0.000
learning reward             : 0.000
episode length              : 114.0
abstract changes / episode  : 13.1
completed cycles / episode   : 0.00
automaton changes / episode  : 0.04
automaton changes in window  : q1->q2: 4
epsilon (next episode)       : 0.31345
replay buffer                : 300000 samples [q1: 96.8%, q2: 3.2%, q3: 0.0%, q4: 0.0%]
state visits in window        : q1: 11385, q2: 112, q3: 0, q4: 0
state visits cumulative       : q1: 985719, q2: 15871, q3: 87, q4: 0
state entries in window       : q1: 100, q2: 4, q3: 0, q4: 0
state entries cumulative      : q1: 5800, q2: 175, q3: 1, q4: 0
transitions cumulative       : q1->q2: 175, q2->q3: 1
Gym endings cumulative       : terminated=5793, truncated=7

[Episode 5900/12500 | last 100]
success rate                : 0.0% (cumulative 0.0%)
synthetic task reward       : 0.000
shaping reward              : 0.000
learning reward             : 0.000
episode length              : 214.6
abstract changes / episode  : 14.7
completed cycles / episode   : 0.00
automaton changes / episode  : 0.01
automaton changes in window  : q1->q2: 1
epsilon (next episode)       : 0.30724
replay buffer                : 300000 samples [q1: 97.1%, q2: 2.9%, q3: 0.0%, q4: 0.0%]
state visits in window        : q1: 21429, q2: 135, q3: 0, q4: 0
state visits cumulative       : q1: 1007148, q2: 16006, q3: 87, q4: 0
state entries in window       : q1: 100, q2: 1, q3: 0, q4: 0
state entries cumulative      : q1: 5900, q2: 176, q3: 1, q4: 0
transitions cumulative       : q1->q2: 176, q2->q3: 1
Gym endings cumulative       : terminated=5893, truncated=7

[Episode 6000/12500 | last 100]
success rate                : 0.0% (cumulative 0.0%)
synthetic task reward       : 0.000
shaping reward              : 0.000
learning reward             : 0.000
episode length              : 150.1
abstract changes / episode  : 13.2
completed cycles / episode   : 0.00
automaton changes / episode  : 0.02
automaton changes in window  : q1->q2: 2
epsilon (next episode)       : 0.30116
replay buffer                : 300000 samples [q1: 97.1%, q2: 2.9%, q3: 0.0%, q4: 0.0%]
state visits in window        : q1: 15045, q2: 63, q3: 0, q4: 0
state visits cumulative       : q1: 1022193, q2: 16069, q3: 87, q4: 0
state entries in window       : q1: 100, q2: 2, q3: 0, q4: 0
state entries cumulative      : q1: 6000, q2: 178, q3: 1, q4: 0
transitions cumulative       : q1->q2: 178, q2->q3: 1
Gym endings cumulative       : terminated=5993, truncated=7

[Episode 6100/12500 | last 100]
success rate                : 0.0% (cumulative 0.0%)
synthetic task reward       : 0.000
shaping reward              : 0.000
learning reward             : 0.000
episode length              : 211.5
abstract changes / episode  : 11.5
completed cycles / episode   : 0.00
automaton changes / episode  : 0.02
automaton changes in window  : q1->q2: 2
epsilon (next episode)       : 0.29519
replay buffer                : 300000 samples [q1: 97.2%, q2: 2.8%, q3: 0.0%, q4: 0.0%]
state visits in window        : q1: 21201, q2: 52, q3: 0, q4: 0
state visits cumulative       : q1: 1043394, q2: 16121, q3: 87, q4: 0
state entries in window       : q1: 100, q2: 2, q3: 0, q4: 0
state entries cumulative      : q1: 6100, q2: 180, q3: 1, q4: 0
transitions cumulative       : q1->q2: 180, q2->q3: 1
Gym endings cumulative       : terminated=6093, truncated=7

[Episode 6200/12500 | last 100]
success rate                : 0.0% (cumulative 0.0%)
synthetic task reward       : 0.000
shaping reward              : 0.000
learning reward             : 0.000
episode length              : 182.0
abstract changes / episode  : 11.4
completed cycles / episode   : 0.00
automaton changes / episode  : 0.03
automaton changes in window  : q1->q2: 3
epsilon (next episode)       : 0.28935
replay buffer                : 300000 samples [q1: 97.4%, q2: 2.6%, q3: 0.0%, q4: 0.0%]
state visits in window        : q1: 18256, q2: 41, q3: 0, q4: 0
state visits cumulative       : q1: 1061650, q2: 16162, q3: 87, q4: 0
state entries in window       : q1: 100, q2: 3, q3: 0, q4: 0
state entries cumulative      : q1: 6200, q2: 183, q3: 1, q4: 0
transitions cumulative       : q1->q2: 183, q2->q3: 1
Gym endings cumulative       : terminated=6193, truncated=7

[Episode 6300/12500 | last 100]
success rate                : 0.0% (cumulative 0.0%)
synthetic task reward       : 0.000
shaping reward              : 0.000
learning reward             : 0.000
episode length              : 129.4
abstract changes / episode  : 8.3
completed cycles / episode   : 0.00
automaton changes / episode  : 0.04
automaton changes in window  : q1->q2: 4
epsilon (next episode)       : 0.28362
replay buffer                : 300000 samples [q1: 97.7%, q2: 2.3%, q3: 0.0%, q4: 0.0%]
state visits in window        : q1: 12970, q2: 73, q3: 0, q4: 0
state visits cumulative       : q1: 1074620, q2: 16235, q3: 87, q4: 0
state entries in window       : q1: 100, q2: 4, q3: 0, q4: 0
state entries cumulative      : q1: 6300, q2: 187, q3: 1, q4: 0
transitions cumulative       : q1->q2: 187, q2->q3: 1
Gym endings cumulative       : terminated=6293, truncated=7

[Episode 6400/12500 | last 100]
success rate                : 0.0% (cumulative 0.0%)
synthetic task reward       : 0.000
shaping reward              : 0.000
learning reward             : 0.000
episode length              : 116.3
abstract changes / episode  : 10.0
completed cycles / episode   : 0.00
automaton changes / episode  : 0.00
automaton changes in window  : none
epsilon (next episode)       : 0.27800
replay buffer                : 300000 samples [q1: 98.1%, q2: 1.9%, q3: 0.0%, q4: 0.0%]
state visits in window        : q1: 11726, q2: 0, q3: 0, q4: 0
state visits cumulative       : q1: 1086346, q2: 16235, q3: 87, q4: 0
state entries in window       : q1: 100, q2: 0, q3: 0, q4: 0
state entries cumulative      : q1: 6400, q2: 187, q3: 1, q4: 0
transitions cumulative       : q1->q2: 187, q2->q3: 1
Gym endings cumulative       : terminated=6393, truncated=7

[Episode 6500/12500 | last 100]
success rate                : 0.0% (cumulative 0.0%)
synthetic task reward       : 0.000
shaping reward              : 0.000
learning reward             : 0.000
episode length              : 213.4
abstract changes / episode  : 10.2
completed cycles / episode   : 0.00
automaton changes / episode  : 0.01
automaton changes in window  : q1->q2: 1
epsilon (next episode)       : 0.27250
replay buffer                : 300000 samples [q1: 98.7%, q2: 1.3%, q3: 0.0%, q4: 0.0%]
state visits in window        : q1: 21408, q2: 28, q3: 0, q4: 0
state visits cumulative       : q1: 1107754, q2: 16263, q3: 87, q4: 0
state entries in window       : q1: 100, q2: 1, q3: 0, q4: 0
state entries cumulative      : q1: 6500, q2: 188, q3: 1, q4: 0
transitions cumulative       : q1->q2: 188, q2->q3: 1
Gym endings cumulative       : terminated=6493, truncated=7

[Episode 6600/12500 | last 100]
success rate                : 0.0% (cumulative 0.0%)
synthetic task reward       : 0.000
shaping reward              : 0.000
learning reward             : 0.000
episode length              : 399.2
abstract changes / episode  : 16.4
completed cycles / episode   : 0.00
automaton changes / episode  : 0.11
automaton changes in window  : q1->q2: 11
epsilon (next episode)       : 0.26710
replay buffer                : 300000 samples [q1: 99.0%, q2: 1.0%, q3: 0.0%, q4: 0.0%]
state visits in window        : q1: 38952, q2: 1069, q3: 0, q4: 0
state visits cumulative       : q1: 1146706, q2: 17332, q3: 87, q4: 0
state entries in window       : q1: 100, q2: 11, q3: 0, q4: 0
state entries cumulative      : q1: 6600, q2: 199, q3: 1, q4: 0
transitions cumulative       : q1->q2: 199, q2->q3: 1
Gym endings cumulative       : terminated=6593, truncated=7

[Episode 6700/12500 | last 100]
success rate                : 0.0% (cumulative 0.0%)
synthetic task reward       : 0.000
shaping reward              : 0.000
learning reward             : 0.000
episode length              : 271.0
abstract changes / episode  : 10.8
completed cycles / episode   : 0.00
automaton changes / episode  : 0.10
automaton changes in window  : q1->q2: 10
epsilon (next episode)       : 0.26181
replay buffer                : 300000 samples [q1: 98.9%, q2: 1.1%, q3: 0.0%, q4: 0.0%]
state visits in window        : q1: 26834, q2: 367, q3: 0, q4: 0
state visits cumulative       : q1: 1173540, q2: 17699, q3: 87, q4: 0
state entries in window       : q1: 100, q2: 10, q3: 0, q4: 0
state entries cumulative      : q1: 6700, q2: 209, q3: 1, q4: 0
transitions cumulative       : q1->q2: 209, q2->q3: 1
Gym endings cumulative       : terminated=6693, truncated=7

[Episode 6800/12500 | last 100]
success rate                : 0.0% (cumulative 0.0%)
synthetic task reward       : 0.000
shaping reward              : 0.000
learning reward             : 0.000
episode length              : 285.6
abstract changes / episode  : 11.5
completed cycles / episode   : 0.00
automaton changes / episode  : 0.00
automaton changes in window  : none
epsilon (next episode)       : 0.25663
replay buffer                : 300000 samples [q1: 99.0%, q2: 1.0%, q3: 0.0%, q4: 0.0%]
state visits in window        : q1: 28656, q2: 0, q3: 0, q4: 0
state visits cumulative       : q1: 1202196, q2: 17699, q3: 87, q4: 0
state entries in window       : q1: 100, q2: 0, q3: 0, q4: 0
state entries cumulative      : q1: 6800, q2: 209, q3: 1, q4: 0
transitions cumulative       : q1->q2: 209, q2->q3: 1
Gym endings cumulative       : terminated=6793, truncated=7

[Episode 6900/12500 | last 100]
success rate                : 0.0% (cumulative 0.0%)
synthetic task reward       : 0.000
shaping reward              : 0.000
learning reward             : 0.000
episode length              : 308.8
abstract changes / episode  : 10.5
completed cycles / episode   : 0.00
automaton changes / episode  : 0.08
automaton changes in window  : q1->q2: 8
epsilon (next episode)       : 0.25154
replay buffer                : 300000 samples [q1: 98.6%, q2: 1.4%, q3: 0.0%, q4: 0.0%]
state visits in window        : q1: 29421, q2: 1559, q3: 0, q4: 0
state visits cumulative       : q1: 1231617, q2: 19258, q3: 87, q4: 0
state entries in window       : q1: 100, q2: 8, q3: 0, q4: 0
state entries cumulative      : q1: 6900, q2: 217, q3: 1, q4: 0
transitions cumulative       : q1->q2: 217, q2->q3: 1
Gym endings cumulative       : terminated=6892, truncated=8

[Episode 7000/12500 | last 100]
success rate                : 0.0% (cumulative 0.0%)
synthetic task reward       : 0.000
shaping reward              : 0.000
learning reward             : 0.000
episode length              : 503.2
abstract changes / episode  : 14.2
completed cycles / episode   : 0.00
automaton changes / episode  : 0.04
automaton changes in window  : q1->q2: 4
epsilon (next episode)       : 0.24656
replay buffer                : 300000 samples [q1: 98.6%, q2: 1.4%, q3: 0.0%, q4: 0.0%]
state visits in window        : q1: 49656, q2: 768, q3: 0, q4: 0
state visits cumulative       : q1: 1281273, q2: 20026, q3: 87, q4: 0
state entries in window       : q1: 100, q2: 4, q3: 0, q4: 0
state entries cumulative      : q1: 7000, q2: 221, q3: 1, q4: 0
transitions cumulative       : q1->q2: 221, q2->q3: 1
Gym endings cumulative       : terminated=6990, truncated=10

[Episode 7100/12500 | last 100]
success rate                : 0.0% (cumulative 0.0%)
synthetic task reward       : 0.000
shaping reward              : 0.000
learning reward             : 0.000
episode length              : 175.3
abstract changes / episode  : 8.5
completed cycles / episode   : 0.00
automaton changes / episode  : 0.00
automaton changes in window  : none
epsilon (next episode)       : 0.24168
replay buffer                : 300000 samples [q1: 98.7%, q2: 1.3%, q3: 0.0%, q4: 0.0%]
state visits in window        : q1: 17635, q2: 0, q3: 0, q4: 0
state visits cumulative       : q1: 1298908, q2: 20026, q3: 87, q4: 0
state entries in window       : q1: 100, q2: 0, q3: 0, q4: 0
state entries cumulative      : q1: 7100, q2: 221, q3: 1, q4: 0
transitions cumulative       : q1->q2: 221, q2->q3: 1
Gym endings cumulative       : terminated=7090, truncated=10

[Episode 7200/12500 | last 100]
success rate                : 0.0% (cumulative 0.0%)
synthetic task reward       : 0.000
shaping reward              : 0.000
learning reward             : 0.000
episode length              : 351.1
abstract changes / episode  : 15.7
completed cycles / episode   : 0.00
automaton changes / episode  : 0.06
automaton changes in window  : q1->q2: 6
epsilon (next episode)       : 0.23689
replay buffer                : 300000 samples [q1: 98.6%, q2: 1.4%, q3: 0.0%, q4: 0.0%]
state visits in window        : q1: 34974, q2: 239, q3: 0, q4: 0
state visits cumulative       : q1: 1333882, q2: 20265, q3: 87, q4: 0
state entries in window       : q1: 100, q2: 6, q3: 0, q4: 0
state entries cumulative      : q1: 7200, q2: 227, q3: 1, q4: 0
transitions cumulative       : q1->q2: 227, q2->q3: 1
Gym endings cumulative       : terminated=7190, truncated=10

[Episode 7300/12500 | last 100]
success rate                : 0.0% (cumulative 0.0%)
synthetic task reward       : 0.000
shaping reward              : 0.000
learning reward             : 0.000
episode length              : 305.7
abstract changes / episode  : 11.9
completed cycles / episode   : 0.00
automaton changes / episode  : 0.04
automaton changes in window  : q1->q2: 4
epsilon (next episode)       : 0.23220
replay buffer                : 300000 samples [q1: 98.6%, q2: 1.4%, q3: 0.0%, q4: 0.0%]
state visits in window        : q1: 30619, q2: 53, q3: 0, q4: 0
state visits cumulative       : q1: 1364501, q2: 20318, q3: 87, q4: 0
state entries in window       : q1: 100, q2: 4, q3: 0, q4: 0
state entries cumulative      : q1: 7300, q2: 231, q3: 1, q4: 0
transitions cumulative       : q1->q2: 231, q2->q3: 1
Gym endings cumulative       : terminated=7290, truncated=10

[Episode 7400/12500 | last 100]
success rate                : 0.0% (cumulative 0.0%)
synthetic task reward       : 0.000
shaping reward              : 0.000
learning reward             : 0.000
episode length              : 340.8
abstract changes / episode  : 15.5
completed cycles / episode   : 0.00
automaton changes / episode  : 0.02
automaton changes in window  : q1->q2: 2
epsilon (next episode)       : 0.22760
replay buffer                : 300000 samples [q1: 98.1%, q2: 1.9%, q3: 0.0%, q4: 0.0%]
state visits in window        : q1: 32400, q2: 1784, q3: 0, q4: 0
state visits cumulative       : q1: 1396901, q2: 22102, q3: 87, q4: 0
state entries in window       : q1: 100, q2: 2, q3: 0, q4: 0
state entries cumulative      : q1: 7400, q2: 233, q3: 1, q4: 0
transitions cumulative       : q1->q2: 233, q2->q3: 1
Gym endings cumulative       : terminated=7390, truncated=10

[Episode 7500/12500 | last 100]
success rate                : 0.0% (cumulative 0.0%)
synthetic task reward       : 0.000
shaping reward              : 0.000
learning reward             : 0.000
episode length              : 291.7
abstract changes / episode  : 11.1
completed cycles / episode   : 0.00
automaton changes / episode  : 0.03
automaton changes in window  : q1->q2: 3
epsilon (next episode)       : 0.22310
replay buffer                : 300000 samples [q1: 98.1%, q2: 1.9%, q3: 0.0%, q4: 0.0%]
state visits in window        : q1: 29226, q2: 47, q3: 0, q4: 0
state visits cumulative       : q1: 1426127, q2: 22149, q3: 87, q4: 0
state entries in window       : q1: 100, q2: 3, q3: 0, q4: 0
state entries cumulative      : q1: 7500, q2: 236, q3: 1, q4: 0
transitions cumulative       : q1->q2: 236, q2->q3: 1
Gym endings cumulative       : terminated=7490, truncated=10

[Episode 7600/12500 | last 100]
success rate                : 0.0% (cumulative 0.0%)
synthetic task reward       : 0.000
shaping reward              : 0.000
learning reward             : 0.000
episode length              : 146.1
abstract changes / episode  : 11.0
completed cycles / episode   : 0.00
automaton changes / episode  : 0.00
automaton changes in window  : none
epsilon (next episode)       : 0.21868
replay buffer                : 300000 samples [q1: 98.2%, q2: 1.8%, q3: 0.0%, q4: 0.0%]
state visits in window        : q1: 14705, q2: 0, q3: 0, q4: 0
state visits cumulative       : q1: 1440832, q2: 22149, q3: 87, q4: 0
state entries in window       : q1: 100, q2: 0, q3: 0, q4: 0
state entries cumulative      : q1: 7600, q2: 236, q3: 1, q4: 0
transitions cumulative       : q1->q2: 236, q2->q3: 1
Gym endings cumulative       : terminated=7590, truncated=10

[Episode 7700/12500 | last 100]
success rate                : 0.0% (cumulative 0.0%)
synthetic task reward       : 0.000
shaping reward              : 0.000
learning reward             : 0.000
episode length              : 227.4
abstract changes / episode  : 14.7
completed cycles / episode   : 0.00
automaton changes / episode  : 0.12
automaton changes in window  : q1->q2: 12
epsilon (next episode)       : 0.21435
replay buffer                : 300000 samples [q1: 98.1%, q2: 1.9%, q3: 0.0%, q4: 0.0%]
state visits in window        : q1: 21541, q2: 1295, q3: 0, q4: 0
state visits cumulative       : q1: 1462373, q2: 23444, q3: 87, q4: 0
state entries in window       : q1: 100, q2: 12, q3: 0, q4: 0
state entries cumulative      : q1: 7700, q2: 248, q3: 1, q4: 0
transitions cumulative       : q1->q2: 248, q2->q3: 1
Gym endings cumulative       : terminated=7690, truncated=10

[Episode 7800/12500 | last 100]
success rate                : 0.0% (cumulative 0.0%)
synthetic task reward       : 0.000
shaping reward              : 0.000
learning reward             : 0.000
episode length              : 264.6
abstract changes / episode  : 13.0
completed cycles / episode   : 0.00
automaton changes / episode  : 0.13
automaton changes in window  : q1->q2: 13
epsilon (next episode)       : 0.21010
replay buffer                : 300000 samples [q1: 97.9%, q2: 2.1%, q3: 0.0%, q4: 0.0%]
state visits in window        : q1: 26045, q2: 517, q3: 0, q4: 0
state visits cumulative       : q1: 1488418, q2: 23961, q3: 87, q4: 0
state entries in window       : q1: 100, q2: 13, q3: 0, q4: 0
state entries cumulative      : q1: 7800, q2: 261, q3: 1, q4: 0
transitions cumulative       : q1->q2: 261, q2->q3: 1
Gym endings cumulative       : terminated=7790, truncated=10

[Episode 7900/12500 | last 100]
success rate                : 0.0% (cumulative 0.0%)
synthetic task reward       : 0.000
shaping reward              : 0.000
learning reward             : 0.000
episode length              : 257.3
abstract changes / episode  : 10.9
completed cycles / episode   : 0.00
automaton changes / episode  : 0.00
automaton changes in window  : none
epsilon (next episode)       : 0.20594
replay buffer                : 300000 samples [q1: 98.4%, q2: 1.6%, q3: 0.0%, q4: 0.0%]
state visits in window        : q1: 25834, q2: 0, q3: 0, q4: 0
state visits cumulative       : q1: 1514252, q2: 23961, q3: 87, q4: 0
state entries in window       : q1: 100, q2: 0, q3: 0, q4: 0
state entries cumulative      : q1: 7900, q2: 261, q3: 1, q4: 0
transitions cumulative       : q1->q2: 261, q2->q3: 1
Gym endings cumulative       : terminated=7890, truncated=10

[Episode 8000/12500 | last 100]
success rate                : 0.0% (cumulative 0.0%)
synthetic task reward       : 0.000
shaping reward              : 0.000
learning reward             : 0.000
episode length              : 158.9
abstract changes / episode  : 13.0
completed cycles / episode   : 0.00
automaton changes / episode  : 0.04
automaton changes in window  : q1->q2: 4
epsilon (next episode)       : 0.20186
replay buffer                : 300000 samples [q1: 98.4%, q2: 1.6%, q3: 0.0%, q4: 0.0%]
state visits in window        : q1: 15887, q2: 107, q3: 0, q4: 0
state visits cumulative       : q1: 1530139, q2: 24068, q3: 87, q4: 0
state entries in window       : q1: 100, q2: 4, q3: 0, q4: 0
state entries cumulative      : q1: 8000, q2: 265, q3: 1, q4: 0
transitions cumulative       : q1->q2: 265, q2->q3: 1
Gym endings cumulative       : terminated=7990, truncated=10

[Episode 8100/12500 | last 100]
success rate                : 0.0% (cumulative 0.0%)
synthetic task reward       : 0.000
shaping reward              : 0.000
learning reward             : 0.000
episode length              : 140.6
abstract changes / episode  : 13.4
completed cycles / episode   : 0.00
automaton changes / episode  : 0.10
automaton changes in window  : q1->q2: 10
epsilon (next episode)       : 0.19787
replay buffer                : 300000 samples [q1: 98.5%, q2: 1.5%, q3: 0.0%, q4: 0.0%]
state visits in window        : q1: 13893, q2: 271, q3: 0, q4: 0
state visits cumulative       : q1: 1544032, q2: 24339, q3: 87, q4: 0
state entries in window       : q1: 100, q2: 10, q3: 0, q4: 0
state entries cumulative      : q1: 8100, q2: 275, q3: 1, q4: 0
transitions cumulative       : q1->q2: 275, q2->q3: 1
Gym endings cumulative       : terminated=8090, truncated=10

[Episode 8200/12500 | last 100]
success rate                : 0.0% (cumulative 0.0%)
synthetic task reward       : 0.000
shaping reward              : 0.000
learning reward             : 0.000
episode length              : 165.7
abstract changes / episode  : 13.4
completed cycles / episode   : 0.00
automaton changes / episode  : 0.07
automaton changes in window  : q1->q2: 7
epsilon (next episode)       : 0.19395
replay buffer                : 300000 samples [q1: 98.5%, q2: 1.5%, q3: 0.0%, q4: 0.0%]
state visits in window        : q1: 16498, q2: 175, q3: 0, q4: 0
state visits cumulative       : q1: 1560530, q2: 24514, q3: 87, q4: 0
state entries in window       : q1: 100, q2: 7, q3: 0, q4: 0
state entries cumulative      : q1: 8200, q2: 282, q3: 1, q4: 0
transitions cumulative       : q1->q2: 282, q2->q3: 1
Gym endings cumulative       : terminated=8190, truncated=10

[Episode 8300/12500 | last 100]
success rate                : 0.0% (cumulative 0.0%)
synthetic task reward       : 0.000
shaping reward              : 0.000
learning reward             : 0.000
episode length              : 116.1
abstract changes / episode  : 12.8
completed cycles / episode   : 0.00
automaton changes / episode  : 0.02
automaton changes in window  : q1->q2: 2
epsilon (next episode)       : 0.19011
replay buffer                : 300000 samples [q1: 98.5%, q2: 1.5%, q3: 0.0%, q4: 0.0%]
state visits in window        : q1: 11655, q2: 55, q3: 0, q4: 0
state visits cumulative       : q1: 1572185, q2: 24569, q3: 87, q4: 0
state entries in window       : q1: 100, q2: 2, q3: 0, q4: 0
state entries cumulative      : q1: 8300, q2: 284, q3: 1, q4: 0
transitions cumulative       : q1->q2: 284, q2->q3: 1
Gym endings cumulative       : terminated=8290, truncated=10

[Episode 8400/12500 | last 100]
success rate                : 0.0% (cumulative 0.0%)
synthetic task reward       : 0.000
shaping reward              : 0.000
learning reward             : 0.000
episode length              : 136.4
abstract changes / episode  : 12.4
completed cycles / episode   : 0.00
automaton changes / episode  : 0.02
automaton changes in window  : q1->q2: 2
epsilon (next episode)       : 0.18634
replay buffer                : 300000 samples [q1: 98.5%, q2: 1.5%, q3: 0.0%, q4: 0.0%]
state visits in window        : q1: 13694, q2: 46, q3: 0, q4: 0
state visits cumulative       : q1: 1585879, q2: 24615, q3: 87, q4: 0
state entries in window       : q1: 100, q2: 2, q3: 0, q4: 0
state entries cumulative      : q1: 8400, q2: 286, q3: 1, q4: 0
transitions cumulative       : q1->q2: 286, q2->q3: 1
Gym endings cumulative       : terminated=8390, truncated=10

[Episode 8500/12500 | last 100]
success rate                : 0.0% (cumulative 0.0%)
synthetic task reward       : 0.000
shaping reward              : 0.000
learning reward             : 0.000
episode length              : 171.7
abstract changes / episode  : 12.0
completed cycles / episode   : 0.00
automaton changes / episode  : 0.00
automaton changes in window  : none
epsilon (next episode)       : 0.18265
replay buffer                : 300000 samples [q1: 98.5%, q2: 1.5%, q3: 0.0%, q4: 0.0%]
state visits in window        : q1: 17270, q2: 0, q3: 0, q4: 0
state visits cumulative       : q1: 1603149, q2: 24615, q3: 87, q4: 0
state entries in window       : q1: 100, q2: 0, q3: 0, q4: 0
state entries cumulative      : q1: 8500, q2: 286, q3: 1, q4: 0
transitions cumulative       : q1->q2: 286, q2->q3: 1
Gym endings cumulative       : terminated=8490, truncated=10

[Episode 8600/12500 | last 100]
success rate                : 0.0% (cumulative 0.0%)
synthetic task reward       : 0.000
shaping reward              : 0.000
learning reward             : 0.000
episode length              : 174.2
abstract changes / episode  : 10.5
completed cycles / episode   : 0.00
automaton changes / episode  : 0.00
automaton changes in window  : none
epsilon (next episode)       : 0.17904
replay buffer                : 300000 samples [q1: 98.6%, q2: 1.4%, q3: 0.0%, q4: 0.0%]
state visits in window        : q1: 17517, q2: 0, q3: 0, q4: 0
state visits cumulative       : q1: 1620666, q2: 24615, q3: 87, q4: 0
state entries in window       : q1: 100, q2: 0, q3: 0, q4: 0
state entries cumulative      : q1: 8600, q2: 286, q3: 1, q4: 0
transitions cumulative       : q1->q2: 286, q2->q3: 1
Gym endings cumulative       : terminated=8590, truncated=10

[Episode 8700/12500 | last 100]
success rate                : 0.0% (cumulative 0.0%)
synthetic task reward       : 0.000
shaping reward              : 0.000
learning reward             : 0.000
episode length              : 373.9
abstract changes / episode  : 14.9
completed cycles / episode   : 0.00
automaton changes / episode  : 0.05
automaton changes in window  : q1->q2: 5
epsilon (next episode)       : 0.17549
replay buffer                : 300000 samples [q1: 98.5%, q2: 1.5%, q3: 0.0%, q4: 0.0%]
state visits in window        : q1: 37298, q2: 191, q3: 0, q4: 0
state visits cumulative       : q1: 1657964, q2: 24806, q3: 87, q4: 0
state entries in window       : q1: 100, q2: 5, q3: 0, q4: 0
state entries cumulative      : q1: 8700, q2: 291, q3: 1, q4: 0
transitions cumulative       : q1->q2: 291, q2->q3: 1
Gym endings cumulative       : terminated=8689, truncated=11

[Episode 8800/12500 | last 100]
success rate                : 0.0% (cumulative 0.0%)
synthetic task reward       : 0.000
shaping reward              : 0.000
learning reward             : 0.000
episode length              : 428.3
abstract changes / episode  : 13.5
completed cycles / episode   : 0.00
automaton changes / episode  : 0.00
automaton changes in window  : none
epsilon (next episode)       : 0.17201
replay buffer                : 300000 samples [q1: 99.1%, q2: 0.9%, q3: 0.0%, q4: 0.0%]
state visits in window        : q1: 42930, q2: 0, q3: 0, q4: 0
state visits cumulative       : q1: 1700894, q2: 24806, q3: 87, q4: 0
state entries in window       : q1: 100, q2: 0, q3: 0, q4: 0
state entries cumulative      : q1: 8800, q2: 291, q3: 1, q4: 0
transitions cumulative       : q1->q2: 291, q2->q3: 1
Gym endings cumulative       : terminated=8788, truncated=12

[Episode 8900/12500 | last 100]
success rate                : 0.0% (cumulative 0.0%)
synthetic task reward       : 0.000
shaping reward              : 0.000
learning reward             : 0.000
episode length              : 308.2
abstract changes / episode  : 12.0
completed cycles / episode   : 0.00
automaton changes / episode  : 0.01
automaton changes in window  : q1->q2: 1
epsilon (next episode)       : 0.16861
replay buffer                : 300000 samples [q1: 99.1%, q2: 0.9%, q3: 0.0%, q4: 0.0%]
state visits in window        : q1: 30906, q2: 19, q3: 0, q4: 0
state visits cumulative       : q1: 1731800, q2: 24825, q3: 87, q4: 0
state entries in window       : q1: 100, q2: 1, q3: 0, q4: 0
state entries cumulative      : q1: 8900, q2: 292, q3: 1, q4: 0
transitions cumulative       : q1->q2: 292, q2->q3: 1
Gym endings cumulative       : terminated=8888, truncated=12

[Episode 9000/12500 | last 100]
success rate                : 0.0% (cumulative 0.0%)
synthetic task reward       : 0.000
shaping reward              : 0.000
learning reward             : 0.000
episode length              : 292.5
abstract changes / episode  : 12.6
completed cycles / episode   : 0.00
automaton changes / episode  : 0.01
automaton changes in window  : q1->q2: 1
epsilon (next episode)       : 0.16527
replay buffer                : 300000 samples [q1: 99.5%, q2: 0.5%, q3: 0.0%, q4: 0.0%]
state visits in window        : q1: 29315, q2: 33, q3: 0, q4: 0
state visits cumulative       : q1: 1761115, q2: 24858, q3: 87, q4: 0
state entries in window       : q1: 100, q2: 1, q3: 0, q4: 0
state entries cumulative      : q1: 9000, q2: 293, q3: 1, q4: 0
transitions cumulative       : q1->q2: 293, q2->q3: 1
Gym endings cumulative       : terminated=8988, truncated=12

[Episode 9100/12500 | last 100]
success rate                : 0.0% (cumulative 0.0%)
synthetic task reward       : 0.000
shaping reward              : 0.000
learning reward             : 0.000
episode length              : 325.2
abstract changes / episode  : 11.1
completed cycles / episode   : 0.00
automaton changes / episode  : 0.00
automaton changes in window  : none
epsilon (next episode)       : 0.16200
replay buffer                : 300000 samples [q1: 99.7%, q2: 0.3%, q3: 0.0%, q4: 0.0%]
state visits in window        : q1: 32624, q2: 0, q3: 0, q4: 0
state visits cumulative       : q1: 1793739, q2: 24858, q3: 87, q4: 0
state entries in window       : q1: 100, q2: 0, q3: 0, q4: 0
state entries cumulative      : q1: 9100, q2: 293, q3: 1, q4: 0
transitions cumulative       : q1->q2: 293, q2->q3: 1
Gym endings cumulative       : terminated=9088, truncated=12

[Episode 9200/12500 | last 100]
success rate                : 0.0% (cumulative 0.0%)
synthetic task reward       : 0.000
shaping reward              : 0.000
learning reward             : 0.000
episode length              : 631.0
abstract changes / episode  : 21.5
completed cycles / episode   : 0.00
automaton changes / episode  : 0.11
automaton changes in window  : q1->q2: 11
epsilon (next episode)       : 0.15879
replay buffer                : 300000 samples [q1: 99.5%, q2: 0.5%, q3: 0.0%, q4: 0.0%]
state visits in window        : q1: 62014, q2: 1184, q3: 0, q4: 0
state visits cumulative       : q1: 1855753, q2: 26042, q3: 87, q4: 0
state entries in window       : q1: 100, q2: 11, q3: 0, q4: 0
state entries cumulative      : q1: 9200, q2: 304, q3: 1, q4: 0
transitions cumulative       : q1->q2: 304, q2->q3: 1
Gym endings cumulative       : terminated=9188, truncated=12

[Episode 9300/12500 | last 100]
success rate                : 0.0% (cumulative 0.0%)
synthetic task reward       : 0.000
shaping reward              : 0.000
learning reward             : 0.000
episode length              : 146.1
abstract changes / episode  : 7.0
completed cycles / episode   : 0.00
automaton changes / episode  : 0.00
automaton changes in window  : none
epsilon (next episode)       : 0.15564
replay buffer                : 300000 samples [q1: 99.5%, q2: 0.5%, q3: 0.0%, q4: 0.0%]
state visits in window        : q1: 14711, q2: 0, q3: 0, q4: 0
state visits cumulative       : q1: 1870464, q2: 26042, q3: 87, q4: 0
state entries in window       : q1: 100, q2: 0, q3: 0, q4: 0
state entries cumulative      : q1: 9300, q2: 304, q3: 1, q4: 0
transitions cumulative       : q1->q2: 304, q2->q3: 1
Gym endings cumulative       : terminated=9288, truncated=12

[Episode 9400/12500 | last 100]
success rate                : 0.0% (cumulative 0.0%)
synthetic task reward       : 0.000
shaping reward              : 0.000
learning reward             : 0.000
episode length              : 192.2
abstract changes / episode  : 7.9
completed cycles / episode   : 0.00
automaton changes / episode  : 0.04
automaton changes in window  : q1->q2: 4
epsilon (next episode)       : 0.15256
replay buffer                : 300000 samples [q1: 99.5%, q2: 0.5%, q3: 0.0%, q4: 0.0%]
state visits in window        : q1: 19273, q2: 49, q3: 0, q4: 0
state visits cumulative       : q1: 1889737, q2: 26091, q3: 87, q4: 0
state entries in window       : q1: 100, q2: 4, q3: 0, q4: 0
state entries cumulative      : q1: 9400, q2: 308, q3: 1, q4: 0
transitions cumulative       : q1->q2: 308, q2->q3: 1
Gym endings cumulative       : terminated=9388, truncated=12

[Episode 9500/12500 | last 100]
success rate                : 0.0% (cumulative 0.0%)
synthetic task reward       : 0.000
shaping reward              : 0.000
learning reward             : 0.000
episode length              : 327.5
abstract changes / episode  : 9.7
completed cycles / episode   : 0.00
automaton changes / episode  : 0.11
automaton changes in window  : q1->q2: 11
epsilon (next episode)       : 0.14954
replay buffer                : 300000 samples [q1: 99.5%, q2: 0.5%, q3: 0.0%, q4: 0.0%]
state visits in window        : q1: 32715, q2: 135, q3: 0, q4: 0
state visits cumulative       : q1: 1922452, q2: 26226, q3: 87, q4: 0
state entries in window       : q1: 100, q2: 11, q3: 0, q4: 0
state entries cumulative      : q1: 9500, q2: 319, q3: 1, q4: 0
transitions cumulative       : q1->q2: 319, q2->q3: 1
Gym endings cumulative       : terminated=9488, truncated=12

[Episode 9600/12500 | last 100]
success rate                : 0.0% (cumulative 0.0%)
synthetic task reward       : 0.000
shaping reward              : 0.000
learning reward             : 0.000
episode length              : 241.0
abstract changes / episode  : 13.0
completed cycles / episode   : 0.00
automaton changes / episode  : 0.06
automaton changes in window  : q1->q2: 6
epsilon (next episode)       : 0.14658
replay buffer                : 300000 samples [q1: 99.5%, q2: 0.5%, q3: 0.0%, q4: 0.0%]
state visits in window        : q1: 24093, q2: 107, q3: 0, q4: 0
state visits cumulative       : q1: 1946545, q2: 26333, q3: 87, q4: 0
state entries in window       : q1: 100, q2: 6, q3: 0, q4: 0
state entries cumulative      : q1: 9600, q2: 325, q3: 1, q4: 0
transitions cumulative       : q1->q2: 325, q2->q3: 1
Gym endings cumulative       : terminated=9588, truncated=12

[Episode 9700/12500 | last 100]
success rate                : 0.0% (cumulative 0.0%)
synthetic task reward       : 0.000
shaping reward              : 0.000
learning reward             : 0.000
episode length              : 235.3
abstract changes / episode  : 12.8
completed cycles / episode   : 0.00
automaton changes / episode  : 0.11
automaton changes in window  : q1->q2: 11
epsilon (next episode)       : 0.14368
replay buffer                : 300000 samples [q1: 99.4%, q2: 0.6%, q3: 0.0%, q4: 0.0%]
state visits in window        : q1: 23286, q2: 345, q3: 0, q4: 0
state visits cumulative       : q1: 1969831, q2: 26678, q3: 87, q4: 0
state entries in window       : q1: 100, q2: 11, q3: 0, q4: 0
state entries cumulative      : q1: 9700, q2: 336, q3: 1, q4: 0
transitions cumulative       : q1->q2: 336, q2->q3: 1
Gym endings cumulative       : terminated=9688, truncated=12

[Episode 9800/12500 | last 100]
success rate                : 0.0% (cumulative 0.0%)
synthetic task reward       : 0.000
shaping reward              : 0.000
learning reward             : 0.000
episode length              : 305.6
abstract changes / episode  : 15.5
completed cycles / episode   : 0.00
automaton changes / episode  : 0.08
automaton changes in window  : q1->q2: 8
epsilon (next episode)       : 0.14083
replay buffer                : 300000 samples [q1: 99.2%, q2: 0.8%, q3: 0.0%, q4: 0.0%]
state visits in window        : q1: 29950, q2: 706, q3: 0, q4: 0
state visits cumulative       : q1: 1999781, q2: 27384, q3: 87, q4: 0
state entries in window       : q1: 100, q2: 8, q3: 0, q4: 0
state entries cumulative      : q1: 9800, q2: 344, q3: 1, q4: 0
transitions cumulative       : q1->q2: 344, q2->q3: 1
Gym endings cumulative       : terminated=9786, truncated=14

[Episode 9900/12500 | last 100]
success rate                : 0.0% (cumulative 0.0%)
synthetic task reward       : 0.000
shaping reward              : 0.000
learning reward             : 0.000
episode length              : 337.6
abstract changes / episode  : 19.4
completed cycles / episode   : 0.00
automaton changes / episode  : 0.07
automaton changes in window  : q1->q2: 7
epsilon (next episode)       : 0.13804
replay buffer                : 300000 samples [q1: 98.9%, q2: 1.1%, q3: 0.0%, q4: 0.0%]
state visits in window        : q1: 33096, q2: 762, q3: 0, q4: 0
state visits cumulative       : q1: 2032877, q2: 28146, q3: 87, q4: 0
state entries in window       : q1: 100, q2: 7, q3: 0, q4: 0
state entries cumulative      : q1: 9900, q2: 351, q3: 1, q4: 0
transitions cumulative       : q1->q2: 351, q2->q3: 1
Gym endings cumulative       : terminated=9886, truncated=14

[Episode 10000/12500 | last 100]
success rate                : 0.0% (cumulative 0.0%)
synthetic task reward       : 0.000
shaping reward              : 0.000
learning reward             : 0.000
episode length              : 247.3
abstract changes / episode  : 14.8
completed cycles / episode   : 0.00
automaton changes / episode  : 0.01
automaton changes in window  : q1->q2: 1
epsilon (next episode)       : 0.13531
replay buffer                : 300000 samples [q1: 98.9%, q2: 1.1%, q3: 0.0%, q4: 0.0%]
state visits in window        : q1: 24803, q2: 25, q3: 0, q4: 0
state visits cumulative       : q1: 2057680, q2: 28171, q3: 87, q4: 0
state entries in window       : q1: 100, q2: 1, q3: 0, q4: 0
state entries cumulative      : q1: 10000, q2: 352, q3: 1, q4: 0
transitions cumulative       : q1->q2: 352, q2->q3: 1
Gym endings cumulative       : terminated=9986, truncated=14

[Episode 10100/12500 | last 100]
success rate                : 0.0% (cumulative 0.0%)
synthetic task reward       : 0.000
shaping reward              : 0.000
learning reward             : 0.000
episode length              : 486.5
abstract changes / episode  : 15.8
completed cycles / episode   : 0.00
automaton changes / episode  : 0.04
automaton changes in window  : q1->q2: 4
epsilon (next episode)       : 0.13263
replay buffer                : 300000 samples [q1: 98.9%, q2: 1.1%, q3: 0.0%, q4: 0.0%]
state visits in window        : q1: 48684, q2: 64, q3: 0, q4: 0
state visits cumulative       : q1: 2106364, q2: 28235, q3: 87, q4: 0
state entries in window       : q1: 100, q2: 4, q3: 0, q4: 0
state entries cumulative      : q1: 10100, q2: 356, q3: 1, q4: 0
transitions cumulative       : q1->q2: 356, q2->q3: 1
Gym endings cumulative       : terminated=10086, truncated=14

[Episode 10200/12500 | last 100]
success rate                : 0.0% (cumulative 0.0%)
synthetic task reward       : 0.000
shaping reward              : 0.000
learning reward             : 0.000
episode length              : 604.0
abstract changes / episode  : 13.4
completed cycles / episode   : 0.00
automaton changes / episode  : 0.03
automaton changes in window  : q1->q2: 3
epsilon (next episode)       : 0.13000
replay buffer                : 300000 samples [q1: 99.2%, q2: 0.8%, q3: 0.0%, q4: 0.0%]
state visits in window        : q1: 60327, q2: 172, q3: 0, q4: 0
state visits cumulative       : q1: 2166691, q2: 28407, q3: 87, q4: 0
state entries in window       : q1: 100, q2: 3, q3: 0, q4: 0
state entries cumulative      : q1: 10200, q2: 359, q3: 1, q4: 0
transitions cumulative       : q1->q2: 359, q2->q3: 1
Gym endings cumulative       : terminated=10186, truncated=14

[Episode 10300/12500 | last 100]
success rate                : 0.0% (cumulative 0.0%)
synthetic task reward       : 0.000
shaping reward              : 0.000
learning reward             : 0.000
episode length              : 407.5
abstract changes / episode  : 15.2
completed cycles / episode   : 0.00
automaton changes / episode  : 0.01
automaton changes in window  : q1->q2: 1
epsilon (next episode)       : 0.12743
replay buffer                : 300000 samples [q1: 99.2%, q2: 0.8%, q3: 0.0%, q4: 0.0%]
state visits in window        : q1: 40712, q2: 139, q3: 0, q4: 0
state visits cumulative       : q1: 2207403, q2: 28546, q3: 87, q4: 0
state entries in window       : q1: 100, q2: 1, q3: 0, q4: 0
state entries cumulative      : q1: 10300, q2: 360, q3: 1, q4: 0
transitions cumulative       : q1->q2: 360, q2->q3: 1
Gym endings cumulative       : terminated=10282, truncated=18

[Episode 10400/12500 | last 100]
success rate                : 0.0% (cumulative 0.0%)
synthetic task reward       : 0.000
shaping reward              : 0.000
learning reward             : 0.000
episode length              : 93.4
abstract changes / episode  : 8.2
completed cycles / episode   : 0.00
automaton changes / episode  : 0.00
automaton changes in window  : none
epsilon (next episode)       : 0.12490
replay buffer                : 300000 samples [q1: 99.2%, q2: 0.8%, q3: 0.0%, q4: 0.0%]
state visits in window        : q1: 9439, q2: 0, q3: 0, q4: 0
state visits cumulative       : q1: 2216842, q2: 28546, q3: 87, q4: 0
state entries in window       : q1: 100, q2: 0, q3: 0, q4: 0
state entries cumulative      : q1: 10400, q2: 360, q3: 1, q4: 0
transitions cumulative       : q1->q2: 360, q2->q3: 1
Gym endings cumulative       : terminated=10382, truncated=18

[Episode 10500/12500 | last 100]
success rate                : 0.0% (cumulative 0.0%)
synthetic task reward       : 0.000
shaping reward              : 0.000
learning reward             : 0.000
episode length              : 166.4
abstract changes / episode  : 9.3
completed cycles / episode   : 0.00
automaton changes / episode  : 0.00
automaton changes in window  : none
epsilon (next episode)       : 0.12243
replay buffer                : 300000 samples [q1: 99.2%, q2: 0.8%, q3: 0.0%, q4: 0.0%]
state visits in window        : q1: 16742, q2: 0, q3: 0, q4: 0
state visits cumulative       : q1: 2233584, q2: 28546, q3: 87, q4: 0
state entries in window       : q1: 100, q2: 0, q3: 0, q4: 0
state entries cumulative      : q1: 10500, q2: 360, q3: 1, q4: 0
transitions cumulative       : q1->q2: 360, q2->q3: 1
Gym endings cumulative       : terminated=10482, truncated=18

[Episode 10600/12500 | last 100]
success rate                : 0.0% (cumulative 0.0%)
synthetic task reward       : 0.000
shaping reward              : 0.000
learning reward             : 0.000
episode length              : 275.6
abstract changes / episode  : 8.9
completed cycles / episode   : 0.00
automaton changes / episode  : 0.01
automaton changes in window  : q1->q2: 1
epsilon (next episode)       : 0.12001
replay buffer                : 300000 samples [q1: 99.3%, q2: 0.7%, q3: 0.0%, q4: 0.0%]
state visits in window        : q1: 27646, q2: 9, q3: 0, q4: 0
state visits cumulative       : q1: 2261230, q2: 28555, q3: 87, q4: 0
state entries in window       : q1: 100, q2: 1, q3: 0, q4: 0
state entries cumulative      : q1: 10600, q2: 361, q3: 1, q4: 0
transitions cumulative       : q1->q2: 361, q2->q3: 1
Gym endings cumulative       : terminated=10582, truncated=18

[Episode 10700/12500 | last 100]
success rate                : 0.0% (cumulative 0.0%)
synthetic task reward       : 0.000
shaping reward              : 0.000
learning reward             : 0.000
episode length              : 278.4
abstract changes / episode  : 9.7
completed cycles / episode   : 0.00
automaton changes / episode  : 0.02
automaton changes in window  : q1->q2: 2
epsilon (next episode)       : 0.11763
replay buffer                : 300000 samples [q1: 99.6%, q2: 0.4%, q3: 0.0%, q4: 0.0%]
state visits in window        : q1: 27910, q2: 28, q3: 0, q4: 0
state visits cumulative       : q1: 2289140, q2: 28583, q3: 87, q4: 0
state entries in window       : q1: 100, q2: 2, q3: 0, q4: 0
state entries cumulative      : q1: 10700, q2: 363, q3: 1, q4: 0
transitions cumulative       : q1->q2: 363, q2->q3: 1
Gym endings cumulative       : terminated=10682, truncated=18

[Episode 10800/12500 | last 100]
success rate                : 0.0% (cumulative 0.0%)
synthetic task reward       : 0.000
shaping reward              : 0.000
learning reward             : 0.000
episode length              : 288.7
abstract changes / episode  : 11.1
completed cycles / episode   : 0.00
automaton changes / episode  : 0.01
automaton changes in window  : q1->q2: 1
epsilon (next episode)       : 0.11530
replay buffer                : 300000 samples [q1: 99.9%, q2: 0.1%, q3: 0.0%, q4: 0.0%]
state visits in window        : q1: 28952, q2: 16, q3: 0, q4: 0
state visits cumulative       : q1: 2318092, q2: 28599, q3: 87, q4: 0
state entries in window       : q1: 100, q2: 1, q3: 0, q4: 0
state entries cumulative      : q1: 10800, q2: 364, q3: 1, q4: 0
transitions cumulative       : q1->q2: 364, q2->q3: 1
Gym endings cumulative       : terminated=10782, truncated=18

[Episode 10900/12500 | last 100]
success rate                : 0.0% (cumulative 0.0%)
synthetic task reward       : 0.000
shaping reward              : 0.000
learning reward             : 0.000
episode length              : 154.3
abstract changes / episode  : 9.8
completed cycles / episode   : 0.00
automaton changes / episode  : 0.00
automaton changes in window  : none
epsilon (next episode)       : 0.11302
replay buffer                : 300000 samples [q1: 99.9%, q2: 0.1%, q3: 0.0%, q4: 0.0%]
state visits in window        : q1: 15530, q2: 0, q3: 0, q4: 0
state visits cumulative       : q1: 2333622, q2: 28599, q3: 87, q4: 0
state entries in window       : q1: 100, q2: 0, q3: 0, q4: 0
state entries cumulative      : q1: 10900, q2: 364, q3: 1, q4: 0
transitions cumulative       : q1->q2: 364, q2->q3: 1
Gym endings cumulative       : terminated=10882, truncated=18

[Episode 11000/12500 | last 100]
success rate                : 0.0% (cumulative 0.0%)
synthetic task reward       : 0.000
shaping reward              : 0.000
learning reward             : 0.000
episode length              : 163.2
abstract changes / episode  : 9.5
completed cycles / episode   : 0.00
automaton changes / episode  : 0.00
automaton changes in window  : none
epsilon (next episode)       : 0.11078
replay buffer                : 300000 samples [q1: 99.9%, q2: 0.1%, q3: 0.0%, q4: 0.0%]
state visits in window        : q1: 16419, q2: 0, q3: 0, q4: 0
state visits cumulative       : q1: 2350041, q2: 28599, q3: 87, q4: 0
state entries in window       : q1: 100, q2: 0, q3: 0, q4: 0
state entries cumulative      : q1: 11000, q2: 364, q3: 1, q4: 0
transitions cumulative       : q1->q2: 364, q2->q3: 1
Gym endings cumulative       : terminated=10982, truncated=18

[Episode 11100/12500 | last 100]
success rate                : 0.0% (cumulative 0.0%)
synthetic task reward       : 0.000
shaping reward              : 0.000
learning reward             : 0.000
episode length              : 313.7
abstract changes / episode  : 11.8
completed cycles / episode   : 0.00
automaton changes / episode  : 0.10
automaton changes in window  : q1->q2: 10
epsilon (next episode)       : 0.10858
replay buffer                : 300000 samples [q1: 99.8%, q2: 0.2%, q3: 0.0%, q4: 0.0%]
state visits in window        : q1: 31357, q2: 109, q3: 0, q4: 0
state visits cumulative       : q1: 2381398, q2: 28708, q3: 87, q4: 0
state entries in window       : q1: 100, q2: 10, q3: 0, q4: 0
state entries cumulative      : q1: 11100, q2: 374, q3: 1, q4: 0
transitions cumulative       : q1->q2: 374, q2->q3: 1
Gym endings cumulative       : terminated=11082, truncated=18

[Episode 11200/12500 | last 100]
success rate                : 0.0% (cumulative 0.0%)
synthetic task reward       : 0.000
shaping reward              : 0.000
learning reward             : 0.000
episode length              : 373.4
abstract changes / episode  : 13.5
completed cycles / episode   : 0.00
automaton changes / episode  : 0.03
automaton changes in window  : q1->q2: 3
epsilon (next episode)       : 0.10643
replay buffer                : 300000 samples [q1: 99.8%, q2: 0.2%, q3: 0.0%, q4: 0.0%]
state visits in window        : q1: 37302, q2: 134, q3: 0, q4: 0
state visits cumulative       : q1: 2418700, q2: 28842, q3: 87, q4: 0
state entries in window       : q1: 100, q2: 3, q3: 0, q4: 0
state entries cumulative      : q1: 11200, q2: 377, q3: 1, q4: 0
transitions cumulative       : q1->q2: 377, q2->q3: 1
Gym endings cumulative       : terminated=11182, truncated=18

[Episode 11300/12500 | last 100]
success rate                : 0.0% (cumulative 0.0%)
synthetic task reward       : 0.000
shaping reward              : 0.000
learning reward             : 0.000
episode length              : 307.3
abstract changes / episode  : 13.0
completed cycles / episode   : 0.00
automaton changes / episode  : 0.04
automaton changes in window  : q1->q2: 4
epsilon (next episode)       : 0.10433
replay buffer                : 300000 samples [q1: 99.8%, q2: 0.2%, q3: 0.0%, q4: 0.0%]
state visits in window        : q1: 30687, q2: 141, q3: 0, q4: 0
state visits cumulative       : q1: 2449387, q2: 28983, q3: 87, q4: 0
state entries in window       : q1: 100, q2: 4, q3: 0, q4: 0
state entries cumulative      : q1: 11300, q2: 381, q3: 1, q4: 0
transitions cumulative       : q1->q2: 381, q2->q3: 1
Gym endings cumulative       : terminated=11282, truncated=18

[Episode 11400/12500 | last 100]
success rate                : 0.0% (cumulative 0.0%)
synthetic task reward       : 0.000
shaping reward              : 0.000
learning reward             : 0.000
episode length              : 157.7
abstract changes / episode  : 12.4
completed cycles / episode   : 0.00
automaton changes / episode  : 0.03
automaton changes in window  : q1->q2: 3
epsilon (next episode)       : 0.10226
replay buffer                : 300000 samples [q1: 99.8%, q2: 0.2%, q3: 0.0%, q4: 0.0%]
state visits in window        : q1: 15751, q2: 121, q3: 0, q4: 0
state visits cumulative       : q1: 2465138, q2: 29104, q3: 87, q4: 0
state entries in window       : q1: 100, q2: 3, q3: 0, q4: 0
state entries cumulative      : q1: 11400, q2: 384, q3: 1, q4: 0
transitions cumulative       : q1->q2: 384, q2->q3: 1
Gym endings cumulative       : terminated=11382, truncated=18

[Episode 11500/12500 | last 100]
success rate                : 0.0% (cumulative 0.0%)
synthetic task reward       : 0.000
shaping reward              : 0.000
learning reward             : 0.000
episode length              : 83.3
abstract changes / episode  : 12.2
completed cycles / episode   : 0.00
automaton changes / episode  : 0.00
automaton changes in window  : none
epsilon (next episode)       : 0.10024
replay buffer                : 300000 samples [q1: 99.8%, q2: 0.2%, q3: 0.0%, q4: 0.0%]
state visits in window        : q1: 8434, q2: 0, q3: 0, q4: 0
state visits cumulative       : q1: 2473572, q2: 29104, q3: 87, q4: 0
state entries in window       : q1: 100, q2: 0, q3: 0, q4: 0
state entries cumulative      : q1: 11500, q2: 384, q3: 1, q4: 0
transitions cumulative       : q1->q2: 384, q2->q3: 1
Gym endings cumulative       : terminated=11482, truncated=18

[Episode 11600/12500 | last 100]
success rate                : 0.0% (cumulative 0.0%)
synthetic task reward       : 0.000
shaping reward              : 0.000
learning reward             : 0.000
episode length              : 91.2
abstract changes / episode  : 12.4
completed cycles / episode   : 0.00
automaton changes / episode  : 0.00
automaton changes in window  : none
epsilon (next episode)       : 0.09825
replay buffer                : 300000 samples [q1: 99.8%, q2: 0.2%, q3: 0.0%, q4: 0.0%]
state visits in window        : q1: 9217, q2: 0, q3: 0, q4: 0
state visits cumulative       : q1: 2482789, q2: 29104, q3: 87, q4: 0
state entries in window       : q1: 100, q2: 0, q3: 0, q4: 0
state entries cumulative      : q1: 11600, q2: 384, q3: 1, q4: 0
transitions cumulative       : q1->q2: 384, q2->q3: 1
Gym endings cumulative       : terminated=11582, truncated=18

[Episode 11700/12500 | last 100]
success rate                : 0.0% (cumulative 0.0%)
synthetic task reward       : 0.000
shaping reward              : 0.000
learning reward             : 0.000
episode length              : 102.5
abstract changes / episode  : 12.2
completed cycles / episode   : 0.00
automaton changes / episode  : 0.00
automaton changes in window  : none
epsilon (next episode)       : 0.09631
replay buffer                : 300000 samples [q1: 99.8%, q2: 0.2%, q3: 0.0%, q4: 0.0%]
state visits in window        : q1: 10355, q2: 0, q3: 0, q4: 0
state visits cumulative       : q1: 2493144, q2: 29104, q3: 87, q4: 0
state entries in window       : q1: 100, q2: 0, q3: 0, q4: 0
state entries cumulative      : q1: 11700, q2: 384, q3: 1, q4: 0
transitions cumulative       : q1->q2: 384, q2->q3: 1
Gym endings cumulative       : terminated=11682, truncated=18

[Episode 11800/12500 | last 100]
success rate                : 0.0% (cumulative 0.0%)
synthetic task reward       : 0.000
shaping reward              : 0.000
learning reward             : 0.000
episode length              : 162.1
abstract changes / episode  : 12.7
completed cycles / episode   : 0.00
automaton changes / episode  : 0.03
automaton changes in window  : q1->q2: 3
epsilon (next episode)       : 0.09440
replay buffer                : 300000 samples [q1: 99.8%, q2: 0.2%, q3: 0.0%, q4: 0.0%]
state visits in window        : q1: 16244, q2: 68, q3: 0, q4: 0
state visits cumulative       : q1: 2509388, q2: 29172, q3: 87, q4: 0
state entries in window       : q1: 100, q2: 3, q3: 0, q4: 0
state entries cumulative      : q1: 11800, q2: 387, q3: 1, q4: 0
transitions cumulative       : q1->q2: 387, q2->q3: 1
Gym endings cumulative       : terminated=11782, truncated=18

[Episode 11900/12500 | last 100]
success rate                : 0.0% (cumulative 0.0%)
synthetic task reward       : 0.000
shaping reward              : 0.000
learning reward             : 0.000
episode length              : 140.2
abstract changes / episode  : 12.7
completed cycles / episode   : 0.00
automaton changes / episode  : 0.03
automaton changes in window  : q1->q2: 3
epsilon (next episode)       : 0.09253
replay buffer                : 300000 samples [q1: 99.8%, q2: 0.2%, q3: 0.0%, q4: 0.0%]
state visits in window        : q1: 13972, q2: 143, q3: 0, q4: 0
state visits cumulative       : q1: 2523360, q2: 29315, q3: 87, q4: 0
state entries in window       : q1: 100, q2: 3, q3: 0, q4: 0
state entries cumulative      : q1: 11900, q2: 390, q3: 1, q4: 0
transitions cumulative       : q1->q2: 390, q2->q3: 1
Gym endings cumulative       : terminated=11882, truncated=18

[Episode 12000/12500 | last 100]
success rate                : 0.0% (cumulative 0.0%)
synthetic task reward       : 0.000
shaping reward              : 0.000
learning reward             : 0.000
episode length              : 106.3
abstract changes / episode  : 12.4
completed cycles / episode   : 0.00
automaton changes / episode  : 0.00
automaton changes in window  : none
epsilon (next episode)       : 0.09070
replay buffer                : 300000 samples [q1: 99.8%, q2: 0.2%, q3: 0.0%, q4: 0.0%]
state visits in window        : q1: 10734, q2: 0, q3: 0, q4: 0
state visits cumulative       : q1: 2534094, q2: 29315, q3: 87, q4: 0
state entries in window       : q1: 100, q2: 0, q3: 0, q4: 0
state entries cumulative      : q1: 12000, q2: 390, q3: 1, q4: 0
transitions cumulative       : q1->q2: 390, q2->q3: 1
Gym endings cumulative       : terminated=11982, truncated=18

[Episode 12100/12500 | last 100]
success rate                : 0.0% (cumulative 0.0%)
synthetic task reward       : 0.000
shaping reward              : 0.000
learning reward             : 0.000
episode length              : 82.4
abstract changes / episode  : 12.4
completed cycles / episode   : 0.00
automaton changes / episode  : 0.00
automaton changes in window  : none
epsilon (next episode)       : 0.08890
replay buffer                : 300000 samples [q1: 99.8%, q2: 0.2%, q3: 0.0%, q4: 0.0%]
state visits in window        : q1: 8344, q2: 0, q3: 0, q4: 0
state visits cumulative       : q1: 2542438, q2: 29315, q3: 87, q4: 0
state entries in window       : q1: 100, q2: 0, q3: 0, q4: 0
state entries cumulative      : q1: 12100, q2: 390, q3: 1, q4: 0
transitions cumulative       : q1->q2: 390, q2->q3: 1
Gym endings cumulative       : terminated=12082, truncated=18

[Episode 12200/12500 | last 100]
success rate                : 0.0% (cumulative 0.0%)
synthetic task reward       : 0.000
shaping reward              : 0.000
learning reward             : 0.000
episode length              : 75.1
abstract changes / episode  : 12.3
completed cycles / episode   : 0.00
automaton changes / episode  : 0.00
automaton changes in window  : none
epsilon (next episode)       : 0.08714
replay buffer                : 300000 samples [q1: 99.8%, q2: 0.2%, q3: 0.0%, q4: 0.0%]
state visits in window        : q1: 7611, q2: 0, q3: 0, q4: 0
state visits cumulative       : q1: 2550049, q2: 29315, q3: 87, q4: 0
state entries in window       : q1: 100, q2: 0, q3: 0, q4: 0
state entries cumulative      : q1: 12200, q2: 390, q3: 1, q4: 0
transitions cumulative       : q1->q2: 390, q2->q3: 1
Gym endings cumulative       : terminated=12182, truncated=18

[Episode 12300/12500 | last 100]
success rate                : 0.0% (cumulative 0.0%)
synthetic task reward       : 0.000
shaping reward              : 0.000
learning reward             : 0.000
episode length              : 71.1
abstract changes / episode  : 12.2
completed cycles / episode   : 0.00
automaton changes / episode  : 0.00
automaton changes in window  : none
epsilon (next episode)       : 0.08541
replay buffer                : 300000 samples [q1: 99.8%, q2: 0.2%, q3: 0.0%, q4: 0.0%]
state visits in window        : q1: 7209, q2: 0, q3: 0, q4: 0
state visits cumulative       : q1: 2557258, q2: 29315, q3: 87, q4: 0
state entries in window       : q1: 100, q2: 0, q3: 0, q4: 0
state entries cumulative      : q1: 12300, q2: 390, q3: 1, q4: 0
transitions cumulative       : q1->q2: 390, q2->q3: 1
Gym endings cumulative       : terminated=12282, truncated=18

[Episode 12400/12500 | last 100]
success rate                : 0.0% (cumulative 0.0%)
synthetic task reward       : 0.000
shaping reward              : 0.000
learning reward             : 0.000
episode length              : 70.8
abstract changes / episode  : 12.3
completed cycles / episode   : 0.00
automaton changes / episode  : 0.00
automaton changes in window  : none
epsilon (next episode)       : 0.08372
replay buffer                : 300000 samples [q1: 99.8%, q2: 0.2%, q3: 0.0%, q4: 0.0%]
state visits in window        : q1: 7179, q2: 0, q3: 0, q4: 0
state visits cumulative       : q1: 2564437, q2: 29315, q3: 87, q4: 0
state entries in window       : q1: 100, q2: 0, q3: 0, q4: 0
state entries cumulative      : q1: 12400, q2: 390, q3: 1, q4: 0
transitions cumulative       : q1->q2: 390, q2->q3: 1
Gym endings cumulative       : terminated=12382, truncated=18

[Episode 12500/12500 | last 100]
success rate                : 0.0% (cumulative 0.0%)
synthetic task reward       : 0.000
shaping reward              : 0.000
learning reward             : 0.000
episode length              : 70.1
abstract changes / episode  : 12.4
completed cycles / episode   : 0.00
automaton changes / episode  : 0.01
automaton changes in window  : q1->q2: 1
epsilon (next episode)       : 0.08206
replay buffer                : 300000 samples [q1: 99.7%, q2: 0.3%, q3: 0.0%, q4: 0.0%]
state visits in window        : q1: 6982, q2: 131, q3: 0, q4: 0
state visits cumulative       : q1: 2571419, q2: 29446, q3: 87, q4: 0
state entries in window       : q1: 100, q2: 1, q3: 0, q4: 0
state entries cumulative      : q1: 12500, q2: 391, q3: 1, q4: 0
transitions cumulative       : q1->q2: 391, q2->q3: 1
Gym endings cumulative       : terminated=12482, truncated=18
Last policy saved after episode 12500. Best policy: episode 1, mean learning reward=0.000
