
=== NEW RUN ===
episodes=12500, shaping=False, K=1.0, goal_reward=10000.0, gamma=0.99
waypoints={'g1': (1, 8), 'g2': (9, 8), 'g3': (9, 3), 'g4': (1, 3)}
automaton_states=['q1', 'q2', 'q3', 'q4'], initial=q1, accepting=['q5']

[Episode 1/12500 | last 1]
success rate                : 0.0% (cumulative 0.0%)
synthetic task reward       : 0.000
shaping reward              : 0.000
learning reward             : 0.000
episode length              : 83.0
abstract changes / episode  : 14.0
completed cycles / episode   : 0.00
automaton changes / episode  : 0.00
automaton changes in window  : none
epsilon (next episode)       : 0.99980
replay buffer                : 83 samples [q1: 100.0%, q2: 0.0%, q3: 0.0%, q4: 0.0%]
state visits in window        : q1: 84, q2: 0, q3: 0, q4: 0
state visits cumulative       : q1: 84, q2: 0, q3: 0, q4: 0
state entries in window       : q1: 1, q2: 0, q3: 0, q4: 0
state entries cumulative      : q1: 1, q2: 0, q3: 0, q4: 0
transitions cumulative       : none
Gym endings cumulative       : terminated=1, truncated=0
Best policy updated at episode 1: mean learning reward=0.000

[Episode 100/12500 | last 100]
success rate                : 0.0% (cumulative 0.0%)
synthetic task reward       : 0.000
shaping reward              : 0.000
learning reward             : 0.000
episode length              : 96.4
abstract changes / episode  : 13.0
completed cycles / episode   : 0.00
automaton changes / episode  : 0.00
automaton changes in window  : none
epsilon (next episode)       : 0.98020
replay buffer                : 9640 samples [q1: 100.0%, q2: 0.0%, q3: 0.0%, q4: 0.0%]
state visits in window        : q1: 9740, q2: 0, q3: 0, q4: 0
state visits cumulative       : q1: 9740, q2: 0, q3: 0, q4: 0
state entries in window       : q1: 100, q2: 0, q3: 0, q4: 0
state entries cumulative      : q1: 100, q2: 0, q3: 0, q4: 0
transitions cumulative       : none
Gym endings cumulative       : terminated=100, truncated=0

[Episode 200/12500 | last 100]
success rate                : 0.0% (cumulative 0.0%)
synthetic task reward       : 0.000
shaping reward              : 0.000
learning reward             : 0.000
episode length              : 90.0
abstract changes / episode  : 12.8
completed cycles / episode   : 0.00
automaton changes / episode  : 0.03
automaton changes in window  : q1->q2: 3
epsilon (next episode)       : 0.96079
replay buffer                : 18636 samples [q1: 99.7%, q2: 0.3%, q3: 0.0%, q4: 0.0%]
state visits in window        : q1: 9037, q2: 59, q3: 0, q4: 0
state visits cumulative       : q1: 18777, q2: 59, q3: 0, q4: 0
state entries in window       : q1: 100, q2: 3, q3: 0, q4: 0
state entries cumulative      : q1: 200, q2: 3, q3: 0, q4: 0
transitions cumulative       : q1->q2: 3
Gym endings cumulative       : terminated=200, truncated=0

[Episode 300/12500 | last 100]
success rate                : 0.0% (cumulative 0.0%)
synthetic task reward       : 0.000
shaping reward              : 0.000
learning reward             : 0.000
episode length              : 93.0
abstract changes / episode  : 13.1
completed cycles / episode   : 0.00
automaton changes / episode  : 0.02
automaton changes in window  : q1->q2: 2
epsilon (next episode)       : 0.94176
replay buffer                : 27934 samples [q1: 99.6%, q2: 0.4%, q3: 0.0%, q4: 0.0%]
state visits in window        : q1: 9339, q2: 59, q3: 0, q4: 0
state visits cumulative       : q1: 28116, q2: 118, q3: 0, q4: 0
state entries in window       : q1: 100, q2: 2, q3: 0, q4: 0
state entries cumulative      : q1: 300, q2: 5, q3: 0, q4: 0
transitions cumulative       : q1->q2: 5
Gym endings cumulative       : terminated=300, truncated=0

[Episode 400/12500 | last 100]
success rate                : 0.0% (cumulative 0.0%)
synthetic task reward       : 0.000
shaping reward              : 0.000
learning reward             : 0.000
episode length              : 95.2
abstract changes / episode  : 13.0
completed cycles / episode   : 0.00
automaton changes / episode  : 0.00
automaton changes in window  : none
epsilon (next episode)       : 0.92311
replay buffer                : 37451 samples [q1: 99.7%, q2: 0.3%, q3: 0.0%, q4: 0.0%]
state visits in window        : q1: 9617, q2: 0, q3: 0, q4: 0
state visits cumulative       : q1: 37733, q2: 118, q3: 0, q4: 0
state entries in window       : q1: 100, q2: 0, q3: 0, q4: 0
state entries cumulative      : q1: 400, q2: 5, q3: 0, q4: 0
transitions cumulative       : q1->q2: 5
Gym endings cumulative       : terminated=400, truncated=0

[Episode 500/12500 | last 100]
success rate                : 0.0% (cumulative 0.0%)
synthetic task reward       : 0.000
shaping reward              : 0.000
learning reward             : 0.000
episode length              : 94.3
abstract changes / episode  : 12.8
completed cycles / episode   : 0.00
automaton changes / episode  : 0.02
automaton changes in window  : q1->q2: 2
epsilon (next episode)       : 0.90483
replay buffer                : 46878 samples [q1: 99.7%, q2: 0.3%, q3: 0.0%, q4: 0.0%]
state visits in window        : q1: 9477, q2: 50, q3: 0, q4: 0
state visits cumulative       : q1: 47210, q2: 168, q3: 0, q4: 0
state entries in window       : q1: 100, q2: 2, q3: 0, q4: 0
state entries cumulative      : q1: 500, q2: 7, q3: 0, q4: 0
transitions cumulative       : q1->q2: 7
Gym endings cumulative       : terminated=500, truncated=0

[Episode 600/12500 | last 100]
success rate                : 0.0% (cumulative 0.0%)
synthetic task reward       : 0.000
shaping reward              : 0.000
learning reward             : 0.000
episode length              : 95.3
abstract changes / episode  : 12.8
completed cycles / episode   : 0.00
automaton changes / episode  : 0.01
automaton changes in window  : q1->q2: 1
epsilon (next episode)       : 0.88691
replay buffer                : 56405 samples [q1: 99.6%, q2: 0.4%, q3: 0.0%, q4: 0.0%]
state visits in window        : q1: 9587, q2: 40, q3: 0, q4: 0
state visits cumulative       : q1: 56797, q2: 208, q3: 0, q4: 0
state entries in window       : q1: 100, q2: 1, q3: 0, q4: 0
state entries cumulative      : q1: 600, q2: 8, q3: 0, q4: 0
transitions cumulative       : q1->q2: 8
Gym endings cumulative       : terminated=600, truncated=0

[Episode 700/12500 | last 100]
success rate                : 0.0% (cumulative 0.0%)
synthetic task reward       : 0.000
shaping reward              : 0.000
learning reward             : 0.000
episode length              : 95.3
abstract changes / episode  : 12.5
completed cycles / episode   : 0.00
automaton changes / episode  : 0.01
automaton changes in window  : q1->q2: 1
epsilon (next episode)       : 0.86935
replay buffer                : 65935 samples [q1: 99.6%, q2: 0.4%, q3: 0.0%, q4: 0.0%]
state visits in window        : q1: 9593, q2: 37, q3: 0, q4: 0
state visits cumulative       : q1: 66390, q2: 245, q3: 0, q4: 0
state entries in window       : q1: 100, q2: 1, q3: 0, q4: 0
state entries cumulative      : q1: 700, q2: 9, q3: 0, q4: 0
transitions cumulative       : q1->q2: 9
Gym endings cumulative       : terminated=700, truncated=0

[Episode 800/12500 | last 100]
success rate                : 0.0% (cumulative 0.0%)
synthetic task reward       : 0.000
shaping reward              : 0.000
learning reward             : 0.000
episode length              : 110.2
abstract changes / episode  : 13.0
completed cycles / episode   : 0.00
automaton changes / episode  : 0.04
automaton changes in window  : q1->q2: 4
epsilon (next episode)       : 0.85213
replay buffer                : 76960 samples [q1: 99.6%, q2: 0.4%, q3: 0.0%, q4: 0.0%]
state visits in window        : q1: 11022, q2: 103, q3: 0, q4: 0
state visits cumulative       : q1: 77412, q2: 348, q3: 0, q4: 0
state entries in window       : q1: 100, q2: 4, q3: 0, q4: 0
state entries cumulative      : q1: 800, q2: 13, q3: 0, q4: 0
transitions cumulative       : q1->q2: 13
Gym endings cumulative       : terminated=799, truncated=1

[Episode 900/12500 | last 100]
success rate                : 0.0% (cumulative 0.0%)
synthetic task reward       : 0.000
shaping reward              : 0.000
learning reward             : 0.000
episode length              : 109.2
abstract changes / episode  : 12.8
completed cycles / episode   : 0.00
automaton changes / episode  : 0.02
automaton changes in window  : q1->q2: 2
epsilon (next episode)       : 0.83526
replay buffer                : 87882 samples [q1: 99.5%, q2: 0.5%, q3: 0.0%, q4: 0.0%]
state visits in window        : q1: 10927, q2: 95, q3: 0, q4: 0
state visits cumulative       : q1: 88339, q2: 443, q3: 0, q4: 0
state entries in window       : q1: 100, q2: 2, q3: 0, q4: 0
state entries cumulative      : q1: 900, q2: 15, q3: 0, q4: 0
transitions cumulative       : q1->q2: 15
Gym endings cumulative       : terminated=898, truncated=2

[Episode 1000/12500 | last 100]
success rate                : 0.0% (cumulative 0.0%)
synthetic task reward       : 0.000
shaping reward              : 0.000
learning reward             : 0.000
episode length              : 118.8
abstract changes / episode  : 13.1
completed cycles / episode   : 0.00
automaton changes / episode  : 0.00
automaton changes in window  : none
epsilon (next episode)       : 0.81871
replay buffer                : 99760 samples [q1: 99.6%, q2: 0.4%, q3: 0.0%, q4: 0.0%]
state visits in window        : q1: 11978, q2: 0, q3: 0, q4: 0
state visits cumulative       : q1: 100317, q2: 443, q3: 0, q4: 0
state entries in window       : q1: 100, q2: 0, q3: 0, q4: 0
state entries cumulative      : q1: 1000, q2: 15, q3: 0, q4: 0
transitions cumulative       : q1->q2: 15
Gym endings cumulative       : terminated=997, truncated=3

[Episode 1100/12500 | last 100]
success rate                : 0.0% (cumulative 0.0%)
synthetic task reward       : 0.000
shaping reward              : 0.000
learning reward             : 0.000
episode length              : 99.7
abstract changes / episode  : 12.8
completed cycles / episode   : 0.00
automaton changes / episode  : 0.00
automaton changes in window  : none
epsilon (next episode)       : 0.80250
replay buffer                : 109731 samples [q1: 99.6%, q2: 0.4%, q3: 0.0%, q4: 0.0%]
state visits in window        : q1: 10071, q2: 0, q3: 0, q4: 0
state visits cumulative       : q1: 110388, q2: 443, q3: 0, q4: 0
state entries in window       : q1: 100, q2: 0, q3: 0, q4: 0
state entries cumulative      : q1: 1100, q2: 15, q3: 0, q4: 0
transitions cumulative       : q1->q2: 15
Gym endings cumulative       : terminated=1097, truncated=3

[Episode 1200/12500 | last 100]
success rate                : 0.0% (cumulative 0.0%)
synthetic task reward       : 0.000
shaping reward              : 0.000
learning reward             : 0.000
episode length              : 96.5
abstract changes / episode  : 13.2
completed cycles / episode   : 0.00
automaton changes / episode  : 0.01
automaton changes in window  : q1->q2: 1
epsilon (next episode)       : 0.78661
replay buffer                : 119382 samples [q1: 99.6%, q2: 0.4%, q3: 0.0%, q4: 0.0%]
state visits in window        : q1: 9729, q2: 22, q3: 0, q4: 0
state visits cumulative       : q1: 120117, q2: 465, q3: 0, q4: 0
state entries in window       : q1: 100, q2: 1, q3: 0, q4: 0
state entries cumulative      : q1: 1200, q2: 16, q3: 0, q4: 0
transitions cumulative       : q1->q2: 16
Gym endings cumulative       : terminated=1197, truncated=3

[Episode 1300/12500 | last 100]
success rate                : 0.0% (cumulative 0.0%)
synthetic task reward       : 0.000
shaping reward              : 0.000
learning reward             : 0.000
episode length              : 98.4
abstract changes / episode  : 12.7
completed cycles / episode   : 0.00
automaton changes / episode  : 0.01
automaton changes in window  : q1->q2: 1
epsilon (next episode)       : 0.77103
replay buffer                : 129220 samples [q1: 99.6%, q2: 0.4%, q3: 0.0%, q4: 0.0%]
state visits in window        : q1: 9922, q2: 16, q3: 0, q4: 0
state visits cumulative       : q1: 130039, q2: 481, q3: 0, q4: 0
state entries in window       : q1: 100, q2: 1, q3: 0, q4: 0
state entries cumulative      : q1: 1300, q2: 17, q3: 0, q4: 0
transitions cumulative       : q1->q2: 17
Gym endings cumulative       : terminated=1297, truncated=3

[Episode 1400/12500 | last 100]
success rate                : 0.0% (cumulative 0.0%)
synthetic task reward       : 0.000
shaping reward              : 0.000
learning reward             : 0.000
episode length              : 99.9
abstract changes / episode  : 12.9
completed cycles / episode   : 0.00
automaton changes / episode  : 0.01
automaton changes in window  : q1->q2: 1
epsilon (next episode)       : 0.75576
replay buffer                : 139212 samples [q1: 99.7%, q2: 0.3%, q3: 0.0%, q4: 0.0%]
state visits in window        : q1: 10070, q2: 22, q3: 0, q4: 0
state visits cumulative       : q1: 140109, q2: 503, q3: 0, q4: 0
state entries in window       : q1: 100, q2: 1, q3: 0, q4: 0
state entries cumulative      : q1: 1400, q2: 18, q3: 0, q4: 0
transitions cumulative       : q1->q2: 18
Gym endings cumulative       : terminated=1397, truncated=3

[Episode 1500/12500 | last 100]
success rate                : 0.0% (cumulative 0.0%)
synthetic task reward       : 0.000
shaping reward              : 0.000
learning reward             : 0.000
episode length              : 107.8
abstract changes / episode  : 12.7
completed cycles / episode   : 0.00
automaton changes / episode  : 0.03
automaton changes in window  : q1->q2: 3
epsilon (next episode)       : 0.74080
replay buffer                : 149991 samples [q1: 99.6%, q2: 0.4%, q3: 0.0%, q4: 0.0%]
state visits in window        : q1: 10816, q2: 63, q3: 0, q4: 0
state visits cumulative       : q1: 150925, q2: 566, q3: 0, q4: 0
state entries in window       : q1: 100, q2: 3, q3: 0, q4: 0
state entries cumulative      : q1: 1500, q2: 21, q3: 0, q4: 0
transitions cumulative       : q1->q2: 21
Gym endings cumulative       : terminated=1497, truncated=3

[Episode 1600/12500 | last 100]
success rate                : 0.0% (cumulative 0.0%)
synthetic task reward       : 0.000
shaping reward              : 0.000
learning reward             : 0.000
episode length              : 115.5
abstract changes / episode  : 12.0
completed cycles / episode   : 0.00
automaton changes / episode  : 0.07
automaton changes in window  : q1->q2: 7
epsilon (next episode)       : 0.72613
replay buffer                : 161541 samples [q1: 99.5%, q2: 0.5%, q3: 0.0%, q4: 0.0%]
state visits in window        : q1: 11451, q2: 199, q3: 0, q4: 0
state visits cumulative       : q1: 162376, q2: 765, q3: 0, q4: 0
state entries in window       : q1: 100, q2: 7, q3: 0, q4: 0
state entries cumulative      : q1: 1600, q2: 28, q3: 0, q4: 0
transitions cumulative       : q1->q2: 28
Gym endings cumulative       : terminated=1597, truncated=3

[Episode 1700/12500 | last 100]
success rate                : 0.0% (cumulative 0.0%)
synthetic task reward       : 0.000
shaping reward              : 0.000
learning reward             : 0.000
episode length              : 119.8
abstract changes / episode  : 12.9
completed cycles / episode   : 0.00
automaton changes / episode  : 0.04
automaton changes in window  : q1->q2: 4
epsilon (next episode)       : 0.71175
replay buffer                : 173519 samples [q1: 99.5%, q2: 0.5%, q3: 0.0%, q4: 0.0%]
state visits in window        : q1: 11952, q2: 126, q3: 0, q4: 0
state visits cumulative       : q1: 174328, q2: 891, q3: 0, q4: 0
state entries in window       : q1: 100, q2: 4, q3: 0, q4: 0
state entries cumulative      : q1: 1700, q2: 32, q3: 0, q4: 0
transitions cumulative       : q1->q2: 32
Gym endings cumulative       : terminated=1696, truncated=4

[Episode 1800/12500 | last 100]
success rate                : 0.0% (cumulative 0.0%)
synthetic task reward       : 0.000
shaping reward              : 0.000
learning reward             : 0.000
episode length              : 121.4
abstract changes / episode  : 13.5
completed cycles / episode   : 0.00
automaton changes / episode  : 0.02
automaton changes in window  : q1->q2: 2
epsilon (next episode)       : 0.69765
replay buffer                : 185662 samples [q1: 99.5%, q2: 0.5%, q3: 0.0%, q4: 0.0%]
state visits in window        : q1: 12154, q2: 89, q3: 0, q4: 0
state visits cumulative       : q1: 186482, q2: 980, q3: 0, q4: 0
state entries in window       : q1: 100, q2: 2, q3: 0, q4: 0
state entries cumulative      : q1: 1800, q2: 34, q3: 0, q4: 0
transitions cumulative       : q1->q2: 34
Gym endings cumulative       : terminated=1796, truncated=4

[Episode 1900/12500 | last 100]
success rate                : 0.0% (cumulative 0.0%)
synthetic task reward       : 0.000
shaping reward              : 0.000
learning reward             : 0.000
episode length              : 115.2
abstract changes / episode  : 13.5
completed cycles / episode   : 0.00
automaton changes / episode  : 0.00
automaton changes in window  : none
epsilon (next episode)       : 0.68384
replay buffer                : 197178 samples [q1: 99.5%, q2: 0.5%, q3: 0.0%, q4: 0.0%]
state visits in window        : q1: 11616, q2: 0, q3: 0, q4: 0
state visits cumulative       : q1: 198098, q2: 980, q3: 0, q4: 0
state entries in window       : q1: 100, q2: 0, q3: 0, q4: 0
state entries cumulative      : q1: 1900, q2: 34, q3: 0, q4: 0
transitions cumulative       : q1->q2: 34
Gym endings cumulative       : terminated=1896, truncated=4

[Episode 2000/12500 | last 100]
success rate                : 0.0% (cumulative 0.0%)
synthetic task reward       : 0.000
shaping reward              : 0.000
learning reward             : 0.000
episode length              : 125.2
abstract changes / episode  : 12.3
completed cycles / episode   : 0.00
automaton changes / episode  : 0.00
automaton changes in window  : none
epsilon (next episode)       : 0.67029
replay buffer                : 209697 samples [q1: 99.5%, q2: 0.5%, q3: 0.0%, q4: 0.0%]
state visits in window        : q1: 12619, q2: 0, q3: 0, q4: 0
state visits cumulative       : q1: 210717, q2: 980, q3: 0, q4: 0
state entries in window       : q1: 100, q2: 0, q3: 0, q4: 0
state entries cumulative      : q1: 2000, q2: 34, q3: 0, q4: 0
transitions cumulative       : q1->q2: 34
Gym endings cumulative       : terminated=1995, truncated=5

[Episode 2100/12500 | last 100]
success rate                : 0.0% (cumulative 0.0%)
synthetic task reward       : 0.000
shaping reward              : 0.000
learning reward             : 0.000
episode length              : 135.1
abstract changes / episode  : 12.9
completed cycles / episode   : 0.00
automaton changes / episode  : 0.00
automaton changes in window  : none
epsilon (next episode)       : 0.65702
replay buffer                : 223210 samples [q1: 99.6%, q2: 0.4%, q3: 0.0%, q4: 0.0%]
state visits in window        : q1: 13613, q2: 0, q3: 0, q4: 0
state visits cumulative       : q1: 224330, q2: 980, q3: 0, q4: 0
state entries in window       : q1: 100, q2: 0, q3: 0, q4: 0
state entries cumulative      : q1: 2100, q2: 34, q3: 0, q4: 0
transitions cumulative       : q1->q2: 34
Gym endings cumulative       : terminated=2094, truncated=6

[Episode 2200/12500 | last 100]
success rate                : 0.0% (cumulative 0.0%)
synthetic task reward       : 0.000
shaping reward              : 0.000
learning reward             : 0.000
episode length              : 151.8
abstract changes / episode  : 13.2
completed cycles / episode   : 0.00
automaton changes / episode  : 0.02
automaton changes in window  : q1->q2: 2
epsilon (next episode)       : 0.64401
replay buffer                : 238395 samples [q1: 99.6%, q2: 0.4%, q3: 0.0%, q4: 0.0%]
state visits in window        : q1: 15206, q2: 79, q3: 0, q4: 0
state visits cumulative       : q1: 239536, q2: 1059, q3: 0, q4: 0
state entries in window       : q1: 100, q2: 2, q3: 0, q4: 0
state entries cumulative      : q1: 2200, q2: 36, q3: 0, q4: 0
transitions cumulative       : q1->q2: 36
Gym endings cumulative       : terminated=2193, truncated=7

[Episode 2300/12500 | last 100]
success rate                : 0.0% (cumulative 0.0%)
synthetic task reward       : 0.000
shaping reward              : 0.000
learning reward             : 0.000
episode length              : 141.2
abstract changes / episode  : 12.7
completed cycles / episode   : 0.00
automaton changes / episode  : 0.07
automaton changes in window  : q1->q2: 7
epsilon (next episode)       : 0.63125
replay buffer                : 252512 samples [q1: 99.5%, q2: 0.5%, q3: 0.0%, q4: 0.0%]
state visits in window        : q1: 13962, q2: 255, q3: 0, q4: 0
state visits cumulative       : q1: 253498, q2: 1314, q3: 0, q4: 0
state entries in window       : q1: 100, q2: 7, q3: 0, q4: 0
state entries cumulative      : q1: 2300, q2: 43, q3: 0, q4: 0
transitions cumulative       : q1->q2: 43
Gym endings cumulative       : terminated=2293, truncated=7

[Episode 2400/12500 | last 100]
success rate                : 0.0% (cumulative 0.0%)
synthetic task reward       : 0.000
shaping reward              : 0.000
learning reward             : 0.000
episode length              : 129.7
abstract changes / episode  : 13.3
completed cycles / episode   : 0.00
automaton changes / episode  : 0.04
automaton changes in window  : q1->q2: 4
epsilon (next episode)       : 0.61875
replay buffer                : 265483 samples [q1: 99.5%, q2: 0.5%, q3: 0.0%, q4: 0.0%]
state visits in window        : q1: 12945, q2: 126, q3: 0, q4: 0
state visits cumulative       : q1: 266443, q2: 1440, q3: 0, q4: 0
state entries in window       : q1: 100, q2: 4, q3: 0, q4: 0
state entries cumulative      : q1: 2400, q2: 47, q3: 0, q4: 0
transitions cumulative       : q1->q2: 47
Gym endings cumulative       : terminated=2393, truncated=7

[Episode 2500/12500 | last 100]
success rate                : 0.0% (cumulative 0.0%)
synthetic task reward       : 0.000
shaping reward              : 0.000
learning reward             : 0.000
episode length              : 177.3
abstract changes / episode  : 13.7
completed cycles / episode   : 0.00
automaton changes / episode  : 0.00
automaton changes in window  : none
epsilon (next episode)       : 0.60650
replay buffer                : 283212 samples [q1: 99.5%, q2: 0.5%, q3: 0.0%, q4: 0.0%]
state visits in window        : q1: 17829, q2: 0, q3: 0, q4: 0
state visits cumulative       : q1: 284272, q2: 1440, q3: 0, q4: 0
state entries in window       : q1: 100, q2: 0, q3: 0, q4: 0
state entries cumulative      : q1: 2500, q2: 47, q3: 0, q4: 0
transitions cumulative       : q1->q2: 47
Gym endings cumulative       : terminated=2489, truncated=11

[Episode 2600/12500 | last 100]
success rate                : 0.0% (cumulative 0.0%)
synthetic task reward       : 0.000
shaping reward              : 0.000
learning reward             : 0.000
episode length              : 157.4
abstract changes / episode  : 12.4
completed cycles / episode   : 0.00
automaton changes / episode  : 0.00
automaton changes in window  : none
epsilon (next episode)       : 0.59449
replay buffer                : 298951 samples [q1: 99.5%, q2: 0.5%, q3: 0.0%, q4: 0.0%]
state visits in window        : q1: 15839, q2: 0, q3: 0, q4: 0
state visits cumulative       : q1: 300111, q2: 1440, q3: 0, q4: 0
state entries in window       : q1: 100, q2: 0, q3: 0, q4: 0
state entries cumulative      : q1: 2600, q2: 47, q3: 0, q4: 0
transitions cumulative       : q1->q2: 47
Gym endings cumulative       : terminated=2588, truncated=12

[Episode 2700/12500 | last 100]
success rate                : 0.0% (cumulative 0.0%)
synthetic task reward       : 0.000
shaping reward              : 0.000
learning reward             : 0.000
episode length              : 156.8
abstract changes / episode  : 14.0
completed cycles / episode   : 0.00
automaton changes / episode  : 0.00
automaton changes in window  : none
epsilon (next episode)       : 0.58272
replay buffer                : 300000 samples [q1: 99.5%, q2: 0.5%, q3: 0.0%, q4: 0.0%]
state visits in window        : q1: 15778, q2: 0, q3: 0, q4: 0
state visits cumulative       : q1: 315889, q2: 1440, q3: 0, q4: 0
state entries in window       : q1: 100, q2: 0, q3: 0, q4: 0
state entries cumulative      : q1: 2700, q2: 47, q3: 0, q4: 0
transitions cumulative       : q1->q2: 47
Gym endings cumulative       : terminated=2688, truncated=12

[Episode 2800/12500 | last 100]
success rate                : 0.0% (cumulative 0.0%)
synthetic task reward       : 0.000
shaping reward              : 0.000
learning reward             : 0.000
episode length              : 162.9
abstract changes / episode  : 13.9
completed cycles / episode   : 0.00
automaton changes / episode  : 0.01
automaton changes in window  : q1->q2: 1
epsilon (next episode)       : 0.57118
replay buffer                : 300000 samples [q1: 99.5%, q2: 0.5%, q3: 0.0%, q4: 0.0%]
state visits in window        : q1: 16294, q2: 93, q3: 0, q4: 0
state visits cumulative       : q1: 332183, q2: 1533, q3: 0, q4: 0
state entries in window       : q1: 100, q2: 1, q3: 0, q4: 0
state entries cumulative      : q1: 2800, q2: 48, q3: 0, q4: 0
transitions cumulative       : q1->q2: 48
Gym endings cumulative       : terminated=2786, truncated=14

[Episode 2900/12500 | last 100]
success rate                : 0.0% (cumulative 0.0%)
synthetic task reward       : 0.000
shaping reward              : 0.000
learning reward             : 0.000
episode length              : 174.1
abstract changes / episode  : 13.3
completed cycles / episode   : 0.00
automaton changes / episode  : 0.00
automaton changes in window  : none
epsilon (next episode)       : 0.55987
replay buffer                : 300000 samples [q1: 99.6%, q2: 0.4%, q3: 0.0%, q4: 0.0%]
state visits in window        : q1: 17513, q2: 0, q3: 0, q4: 0
state visits cumulative       : q1: 349696, q2: 1533, q3: 0, q4: 0
state entries in window       : q1: 100, q2: 0, q3: 0, q4: 0
state entries cumulative      : q1: 2900, q2: 48, q3: 0, q4: 0
transitions cumulative       : q1->q2: 48
Gym endings cumulative       : terminated=2883, truncated=17

[Episode 3000/12500 | last 100]
success rate                : 0.0% (cumulative 0.0%)
synthetic task reward       : 0.000
shaping reward              : 0.000
learning reward             : 0.000
episode length              : 137.2
abstract changes / episode  : 13.1
completed cycles / episode   : 0.00
automaton changes / episode  : 0.00
automaton changes in window  : none
epsilon (next episode)       : 0.54878
replay buffer                : 300000 samples [q1: 99.6%, q2: 0.4%, q3: 0.0%, q4: 0.0%]
state visits in window        : q1: 13822, q2: 0, q3: 0, q4: 0
state visits cumulative       : q1: 363518, q2: 1533, q3: 0, q4: 0
state entries in window       : q1: 100, q2: 0, q3: 0, q4: 0
state entries cumulative      : q1: 3000, q2: 48, q3: 0, q4: 0
transitions cumulative       : q1->q2: 48
Gym endings cumulative       : terminated=2981, truncated=19

[Episode 3100/12500 | last 100]
success rate                : 0.0% (cumulative 0.0%)
synthetic task reward       : 0.000
shaping reward              : 0.000
learning reward             : 0.000
episode length              : 133.4
abstract changes / episode  : 12.9
completed cycles / episode   : 0.00
automaton changes / episode  : 0.00
automaton changes in window  : none
epsilon (next episode)       : 0.53791
replay buffer                : 300000 samples [q1: 99.6%, q2: 0.4%, q3: 0.0%, q4: 0.0%]
state visits in window        : q1: 13437, q2: 0, q3: 0, q4: 0
state visits cumulative       : q1: 376955, q2: 1533, q3: 0, q4: 0
state entries in window       : q1: 100, q2: 0, q3: 0, q4: 0
state entries cumulative      : q1: 3100, q2: 48, q3: 0, q4: 0
transitions cumulative       : q1->q2: 48
Gym endings cumulative       : terminated=3081, truncated=19

[Episode 3200/12500 | last 100]
success rate                : 0.0% (cumulative 0.0%)
synthetic task reward       : 0.000
shaping reward              : 0.000
learning reward             : 0.000
episode length              : 145.1
abstract changes / episode  : 13.4
completed cycles / episode   : 0.00
automaton changes / episode  : 0.02
automaton changes in window  : q1->q2: 2
epsilon (next episode)       : 0.52726
replay buffer                : 300000 samples [q1: 99.6%, q2: 0.4%, q3: 0.0%, q4: 0.0%]
state visits in window        : q1: 14425, q2: 182, q3: 0, q4: 0
state visits cumulative       : q1: 391380, q2: 1715, q3: 0, q4: 0
state entries in window       : q1: 100, q2: 2, q3: 0, q4: 0
state entries cumulative      : q1: 3200, q2: 50, q3: 0, q4: 0
transitions cumulative       : q1->q2: 50
Gym endings cumulative       : terminated=3179, truncated=21

[Episode 3300/12500 | last 100]
success rate                : 0.0% (cumulative 0.0%)
synthetic task reward       : 0.000
shaping reward              : 0.000
learning reward             : 0.000
episode length              : 141.3
abstract changes / episode  : 13.3
completed cycles / episode   : 0.00
automaton changes / episode  : 0.05
automaton changes in window  : q1->q2: 4, q2->q3: 1
epsilon (next episode)       : 0.51682
replay buffer                : 300000 samples [q1: 99.4%, q2: 0.6%, q3: 0.0%, q4: 0.0%]
state visits in window        : q1: 13712, q2: 431, q3: 85, q4: 0
state visits cumulative       : q1: 405092, q2: 2146, q3: 85, q4: 0
state entries in window       : q1: 100, q2: 4, q3: 1, q4: 0
state entries cumulative      : q1: 3300, q2: 54, q3: 1, q4: 0
transitions cumulative       : q1->q2: 54, q2->q3: 1
Gym endings cumulative       : terminated=3279, truncated=21

[Episode 3400/12500 | last 100]
success rate                : 0.0% (cumulative 0.0%)
synthetic task reward       : 0.000
shaping reward              : 0.000
learning reward             : 0.000
episode length              : 266.5
abstract changes / episode  : 13.8
completed cycles / episode   : 0.00
automaton changes / episode  : 0.00
automaton changes in window  : none
epsilon (next episode)       : 0.50658
replay buffer                : 300000 samples [q1: 99.4%, q2: 0.5%, q3: 0.0%, q4: 0.0%]
state visits in window        : q1: 26748, q2: 0, q3: 0, q4: 0
state visits cumulative       : q1: 431840, q2: 2146, q3: 85, q4: 0
state entries in window       : q1: 100, q2: 0, q3: 0, q4: 0
state entries cumulative      : q1: 3400, q2: 54, q3: 1, q4: 0
transitions cumulative       : q1->q2: 54, q2->q3: 1
Gym endings cumulative       : terminated=3373, truncated=27

[Episode 3500/12500 | last 100]
success rate                : 0.0% (cumulative 0.0%)
synthetic task reward       : 0.000
shaping reward              : 0.000
learning reward             : 0.000
episode length              : 208.6
abstract changes / episode  : 14.0
completed cycles / episode   : 0.00
automaton changes / episode  : 0.00
automaton changes in window  : none
epsilon (next episode)       : 0.49655
replay buffer                : 300000 samples [q1: 99.5%, q2: 0.5%, q3: 0.0%, q4: 0.0%]
state visits in window        : q1: 20959, q2: 0, q3: 0, q4: 0
state visits cumulative       : q1: 452799, q2: 2146, q3: 85, q4: 0
state entries in window       : q1: 100, q2: 0, q3: 0, q4: 0
state entries cumulative      : q1: 3500, q2: 54, q3: 1, q4: 0
transitions cumulative       : q1->q2: 54, q2->q3: 1
Gym endings cumulative       : terminated=3467, truncated=33

[Episode 3600/12500 | last 100]
success rate                : 0.0% (cumulative 0.0%)
synthetic task reward       : 0.000
shaping reward              : 0.000
learning reward             : 0.000
episode length              : 169.8
abstract changes / episode  : 14.4
completed cycles / episode   : 0.00
automaton changes / episode  : 0.00
automaton changes in window  : none
epsilon (next episode)       : 0.48672
replay buffer                : 300000 samples [q1: 99.5%, q2: 0.4%, q3: 0.0%, q4: 0.0%]
state visits in window        : q1: 17078, q2: 0, q3: 0, q4: 0
state visits cumulative       : q1: 469877, q2: 2146, q3: 85, q4: 0
state entries in window       : q1: 100, q2: 0, q3: 0, q4: 0
state entries cumulative      : q1: 3600, q2: 54, q3: 1, q4: 0
transitions cumulative       : q1->q2: 54, q2->q3: 1
Gym endings cumulative       : terminated=3566, truncated=34

[Episode 3700/12500 | last 100]
success rate                : 0.0% (cumulative 0.0%)
synthetic task reward       : 0.000
shaping reward              : 0.000
learning reward             : 0.000
episode length              : 186.5
abstract changes / episode  : 15.5
completed cycles / episode   : 0.00
automaton changes / episode  : 0.02
automaton changes in window  : q1->q2: 2
epsilon (next episode)       : 0.47708
replay buffer                : 300000 samples [q1: 99.5%, q2: 0.4%, q3: 0.0%, q4: 0.0%]
state visits in window        : q1: 18593, q2: 157, q3: 0, q4: 0
state visits cumulative       : q1: 488470, q2: 2303, q3: 85, q4: 0
state entries in window       : q1: 100, q2: 2, q3: 0, q4: 0
state entries cumulative      : q1: 3700, q2: 56, q3: 1, q4: 0
transitions cumulative       : q1->q2: 56, q2->q3: 1
Gym endings cumulative       : terminated=3665, truncated=35

[Episode 3800/12500 | last 100]
success rate                : 0.0% (cumulative 0.0%)
synthetic task reward       : 0.000
shaping reward              : 0.000
learning reward             : 0.000
episode length              : 190.5
abstract changes / episode  : 15.8
completed cycles / episode   : 0.00
automaton changes / episode  : 0.06
automaton changes in window  : q1->q2: 6
epsilon (next episode)       : 0.46763
replay buffer                : 300000 samples [q1: 99.3%, q2: 0.6%, q3: 0.0%, q4: 0.0%]
state visits in window        : q1: 18546, q2: 605, q3: 0, q4: 0
state visits cumulative       : q1: 507016, q2: 2908, q3: 85, q4: 0
state entries in window       : q1: 100, q2: 6, q3: 0, q4: 0
state entries cumulative      : q1: 3800, q2: 62, q3: 1, q4: 0
transitions cumulative       : q1->q2: 62, q2->q3: 1
Gym endings cumulative       : terminated=3765, truncated=35

[Episode 3900/12500 | last 100]
success rate                : 0.0% (cumulative 0.0%)
synthetic task reward       : 0.000
shaping reward              : 0.000
learning reward             : 0.000
episode length              : 201.1
abstract changes / episode  : 16.3
completed cycles / episode   : 0.00
automaton changes / episode  : 0.08
automaton changes in window  : q1->q2: 8
epsilon (next episode)       : 0.45837
replay buffer                : 300000 samples [q1: 99.2%, q2: 0.8%, q3: 0.0%, q4: 0.0%]
state visits in window        : q1: 19706, q2: 506, q3: 0, q4: 0
state visits cumulative       : q1: 526722, q2: 3414, q3: 85, q4: 0
state entries in window       : q1: 100, q2: 8, q3: 0, q4: 0
state entries cumulative      : q1: 3900, q2: 70, q3: 1, q4: 0
transitions cumulative       : q1->q2: 70, q2->q3: 1
Gym endings cumulative       : terminated=3864, truncated=36

[Episode 4000/12500 | last 100]
success rate                : 0.0% (cumulative 0.0%)
synthetic task reward       : 0.000
shaping reward              : 0.000
learning reward             : 0.000
episode length              : 242.5
abstract changes / episode  : 17.1
completed cycles / episode   : 0.00
automaton changes / episode  : 0.04
automaton changes in window  : q1->q2: 4
epsilon (next episode)       : 0.44929
replay buffer                : 300000 samples [q1: 99.2%, q2: 0.8%, q3: 0.0%, q4: 0.0%]
state visits in window        : q1: 24140, q2: 209, q3: 0, q4: 0
state visits cumulative       : q1: 550862, q2: 3623, q3: 85, q4: 0
state entries in window       : q1: 100, q2: 4, q3: 0, q4: 0
state entries cumulative      : q1: 4000, q2: 74, q3: 1, q4: 0
transitions cumulative       : q1->q2: 74, q2->q3: 1
Gym endings cumulative       : terminated=3962, truncated=38

[Episode 4100/12500 | last 100]
success rate                : 0.0% (cumulative 0.0%)
synthetic task reward       : 0.000
shaping reward              : 0.000
learning reward             : 0.000
episode length              : 217.5
abstract changes / episode  : 17.4
completed cycles / episode   : 0.00
automaton changes / episode  : 0.13
automaton changes in window  : q1->q2: 13
epsilon (next episode)       : 0.44040
replay buffer                : 300000 samples [q1: 98.9%, q2: 1.1%, q3: 0.0%, q4: 0.0%]
state visits in window        : q1: 20821, q2: 1032, q3: 0, q4: 0
state visits cumulative       : q1: 571683, q2: 4655, q3: 85, q4: 0
state entries in window       : q1: 100, q2: 13, q3: 0, q4: 0
state entries cumulative      : q1: 4100, q2: 87, q3: 1, q4: 0
transitions cumulative       : q1->q2: 87, q2->q3: 1
Gym endings cumulative       : terminated=4062, truncated=39

[Episode 4200/12500 | last 100]
success rate                : 0.0% (cumulative 0.0%)
synthetic task reward       : 0.000
shaping reward              : 0.000
learning reward             : 0.000
episode length              : 201.1
abstract changes / episode  : 15.4
completed cycles / episode   : 0.00
automaton changes / episode  : 0.06
automaton changes in window  : q1->q2: 6
epsilon (next episode)       : 0.43167
replay buffer                : 300000 samples [q1: 98.7%, q2: 1.2%, q3: 0.0%, q4: 0.0%]
state visits in window        : q1: 19658, q2: 552, q3: 0, q4: 0
state visits cumulative       : q1: 591341, q2: 5207, q3: 85, q4: 0
state entries in window       : q1: 100, q2: 6, q3: 0, q4: 0
state entries cumulative      : q1: 4200, q2: 93, q3: 1, q4: 0
transitions cumulative       : q1->q2: 93, q2->q3: 1
Gym endings cumulative       : terminated=4162, truncated=39

[Episode 4300/12500 | last 100]
success rate                : 0.0% (cumulative 0.0%)
synthetic task reward       : 0.000
shaping reward              : 0.000
learning reward             : 0.000
episode length              : 311.4
abstract changes / episode  : 16.8
completed cycles / episode   : 0.00
automaton changes / episode  : 0.05
automaton changes in window  : q1->q2: 4, q2->q3: 1
epsilon (next episode)       : 0.42313
replay buffer                : 300000 samples [q1: 98.6%, q2: 1.4%, q3: 0.1%, q4: 0.0%]
state visits in window        : q1: 30724, q2: 336, q3: 177, q4: 0
state visits cumulative       : q1: 622065, q2: 5543, q3: 262, q4: 0
state entries in window       : q1: 100, q2: 4, q3: 1, q4: 0
state entries cumulative      : q1: 4300, q2: 97, q3: 2, q4: 0
transitions cumulative       : q1->q2: 97, q2->q3: 2
Gym endings cumulative       : terminated=4254, truncated=47

[Episode 4400/12500 | last 100]
success rate                : 0.0% (cumulative 0.0%)
synthetic task reward       : 0.000
shaping reward              : 0.000
learning reward             : 0.000
episode length              : 282.6
abstract changes / episode  : 15.7
completed cycles / episode   : 0.00
automaton changes / episode  : 0.01
automaton changes in window  : q1->q2: 1
epsilon (next episode)       : 0.41475
replay buffer                : 300000 samples [q1: 98.6%, q2: 1.3%, q3: 0.1%, q4: 0.0%]
state visits in window        : q1: 28329, q2: 27, q3: 0, q4: 0
state visits cumulative       : q1: 650394, q2: 5570, q3: 262, q4: 0
state entries in window       : q1: 100, q2: 1, q3: 0, q4: 0
state entries cumulative      : q1: 4400, q2: 98, q3: 2, q4: 0
transitions cumulative       : q1->q2: 98, q2->q3: 2
Gym endings cumulative       : terminated=4343, truncated=58

[Episode 4500/12500 | last 100]
success rate                : 0.0% (cumulative 0.0%)
synthetic task reward       : 0.000
shaping reward              : 0.000
learning reward             : 0.000
episode length              : 239.6
abstract changes / episode  : 18.3
completed cycles / episode   : 0.00
automaton changes / episode  : 0.02
automaton changes in window  : q1->q2: 2
epsilon (next episode)       : 0.40653
replay buffer                : 300000 samples [q1: 98.5%, q2: 1.4%, q3: 0.1%, q4: 0.0%]
state visits in window        : q1: 23874, q2: 187, q3: 0, q4: 0
state visits cumulative       : q1: 674268, q2: 5757, q3: 262, q4: 0
state entries in window       : q1: 100, q2: 2, q3: 0, q4: 0
state entries cumulative      : q1: 4500, q2: 100, q3: 2, q4: 0
transitions cumulative       : q1->q2: 100, q2->q3: 2
Gym endings cumulative       : terminated=4442, truncated=59

[Episode 4600/12500 | last 100]
success rate                : 0.0% (cumulative 0.0%)
synthetic task reward       : 0.000
shaping reward              : 0.000
learning reward             : 0.000
episode length              : 217.9
abstract changes / episode  : 14.1
completed cycles / episode   : 0.00
automaton changes / episode  : 0.03
automaton changes in window  : q1->q2: 3
epsilon (next episode)       : 0.39848
replay buffer                : 300000 samples [q1: 98.6%, q2: 1.3%, q3: 0.1%, q4: 0.0%]
state visits in window        : q1: 21789, q2: 98, q3: 0, q4: 0
state visits cumulative       : q1: 696057, q2: 5855, q3: 262, q4: 0
state entries in window       : q1: 100, q2: 3, q3: 0, q4: 0
state entries cumulative      : q1: 4600, q2: 103, q3: 2, q4: 0
transitions cumulative       : q1->q2: 103, q2->q3: 2
Gym endings cumulative       : terminated=4542, truncated=59

[Episode 4700/12500 | last 100]
success rate                : 0.0% (cumulative 0.0%)
synthetic task reward       : 0.000
shaping reward              : 0.000
learning reward             : 0.000
episode length              : 399.8
abstract changes / episode  : 23.0
completed cycles / episode   : 0.00
automaton changes / episode  : 0.03
automaton changes in window  : q1->q2: 3
epsilon (next episode)       : 0.39059
replay buffer                : 300000 samples [q1: 98.6%, q2: 1.3%, q3: 0.1%, q4: 0.0%]
state visits in window        : q1: 39792, q2: 289, q3: 0, q4: 0
state visits cumulative       : q1: 735849, q2: 6144, q3: 262, q4: 0
state entries in window       : q1: 100, q2: 3, q3: 0, q4: 0
state entries cumulative      : q1: 4700, q2: 106, q3: 2, q4: 0
transitions cumulative       : q1->q2: 106, q2->q3: 2
Gym endings cumulative       : terminated=4640, truncated=61

[Episode 4800/12500 | last 100]
success rate                : 0.0% (cumulative 0.0%)
synthetic task reward       : 0.000
shaping reward              : 0.000
learning reward             : 0.000
episode length              : 373.1
abstract changes / episode  : 21.7
completed cycles / episode   : 0.00
automaton changes / episode  : 0.06
automaton changes in window  : q1->q2: 6
epsilon (next episode)       : 0.38286
replay buffer                : 300000 samples [q1: 98.4%, q2: 1.5%, q3: 0.1%, q4: 0.0%]
state visits in window        : q1: 36727, q2: 678, q3: 0, q4: 0
state visits cumulative       : q1: 772576, q2: 6822, q3: 262, q4: 0
state entries in window       : q1: 100, q2: 6, q3: 0, q4: 0
state entries cumulative      : q1: 4800, q2: 112, q3: 2, q4: 0
transitions cumulative       : q1->q2: 112, q2->q3: 2
Gym endings cumulative       : terminated=4735, truncated=66

[Episode 4900/12500 | last 100]
success rate                : 0.0% (cumulative 0.0%)
synthetic task reward       : 0.000
shaping reward              : 0.000
learning reward             : 0.000
episode length              : 315.2
abstract changes / episode  : 16.7
completed cycles / episode   : 0.00
automaton changes / episode  : 0.07
automaton changes in window  : q1->q2: 7
epsilon (next episode)       : 0.37527
replay buffer                : 300000 samples [q1: 98.5%, q2: 1.4%, q3: 0.1%, q4: 0.0%]
state visits in window        : q1: 31271, q2: 350, q3: 0, q4: 0
state visits cumulative       : q1: 803847, q2: 7172, q3: 262, q4: 0
state entries in window       : q1: 100, q2: 7, q3: 0, q4: 0
state entries cumulative      : q1: 4900, q2: 119, q3: 2, q4: 0
transitions cumulative       : q1->q2: 119, q2->q3: 2
Gym endings cumulative       : terminated=4834, truncated=67

[Episode 5000/12500 | last 100]
success rate                : 0.0% (cumulative 0.0%)
synthetic task reward       : 0.000
shaping reward              : 0.000
learning reward             : 0.000
episode length              : 269.6
abstract changes / episode  : 13.0
completed cycles / episode   : 0.00
automaton changes / episode  : 0.07
automaton changes in window  : q1->q2: 7
epsilon (next episode)       : 0.36784
replay buffer                : 300000 samples [q1: 98.5%, q2: 1.5%, q3: 0.1%, q4: 0.0%]
state visits in window        : q1: 26251, q2: 806, q3: 0, q4: 0
state visits cumulative       : q1: 830098, q2: 7978, q3: 262, q4: 0
state entries in window       : q1: 100, q2: 7, q3: 0, q4: 0
state entries cumulative      : q1: 5000, q2: 126, q3: 2, q4: 0
transitions cumulative       : q1->q2: 126, q2->q3: 2
Gym endings cumulative       : terminated=4934, truncated=67

[Episode 5100/12500 | last 100]
success rate                : 0.0% (cumulative 0.0%)
synthetic task reward       : 0.000
shaping reward              : 0.000
learning reward             : 0.000
episode length              : 385.4
abstract changes / episode  : 16.2
completed cycles / episode   : 0.00
automaton changes / episode  : 0.14
automaton changes in window  : q1->q2: 14
epsilon (next episode)       : 0.36056
replay buffer                : 300000 samples [q1: 98.5%, q2: 1.4%, q3: 0.1%, q4: 0.0%]
state visits in window        : q1: 37680, q2: 963, q3: 0, q4: 0
state visits cumulative       : q1: 867778, q2: 8941, q3: 262, q4: 0
state entries in window       : q1: 100, q2: 14, q3: 0, q4: 0
state entries cumulative      : q1: 5100, q2: 140, q3: 2, q4: 0
transitions cumulative       : q1->q2: 140, q2->q3: 2
Gym endings cumulative       : terminated=5030, truncated=71

[Episode 5200/12500 | last 100]
success rate                : 0.0% (cumulative 0.0%)
synthetic task reward       : 0.000
shaping reward              : 0.000
learning reward             : 0.000
episode length              : 483.3
abstract changes / episode  : 19.7
completed cycles / episode   : 0.00
automaton changes / episode  : 0.12
automaton changes in window  : q1->q2: 12
epsilon (next episode)       : 0.35342
replay buffer                : 300000 samples [q1: 98.3%, q2: 1.7%, q3: 0.0%, q4: 0.0%]
state visits in window        : q1: 46629, q2: 1797, q3: 0, q4: 0
state visits cumulative       : q1: 914407, q2: 10738, q3: 262, q4: 0
state entries in window       : q1: 100, q2: 12, q3: 0, q4: 0
state entries cumulative      : q1: 5200, q2: 152, q3: 2, q4: 0
transitions cumulative       : q1->q2: 152, q2->q3: 2
Gym endings cumulative       : terminated=5114, truncated=87

[Episode 5300/12500 | last 100]
success rate                : 0.0% (cumulative 0.0%)
synthetic task reward       : 0.000
shaping reward              : 0.000
learning reward             : 0.000
episode length              : 262.6
abstract changes / episode  : 17.5
completed cycles / episode   : 0.00
automaton changes / episode  : 0.11
automaton changes in window  : q1->q2: 11
epsilon (next episode)       : 0.34642
replay buffer                : 300000 samples [q1: 97.8%, q2: 2.2%, q3: 0.0%, q4: 0.0%]
state visits in window        : q1: 24821, q2: 1542, q3: 0, q4: 0
state visits cumulative       : q1: 939228, q2: 12280, q3: 262, q4: 0
state entries in window       : q1: 100, q2: 11, q3: 0, q4: 0
state entries cumulative      : q1: 5300, q2: 163, q3: 2, q4: 0
transitions cumulative       : q1->q2: 163, q2->q3: 2
Gym endings cumulative       : terminated=5210, truncated=91

[Episode 5400/12500 | last 100]
success rate                : 0.0% (cumulative 0.0%)
synthetic task reward       : 0.000
shaping reward              : 0.000
learning reward             : 0.000
episode length              : 269.5
abstract changes / episode  : 16.9
completed cycles / episode   : 0.00
automaton changes / episode  : 0.27
automaton changes in window  : q1->q2: 27
epsilon (next episode)       : 0.33956
replay buffer                : 300000 samples [q1: 95.6%, q2: 4.4%, q3: 0.0%, q4: 0.0%]
state visits in window        : q1: 20243, q2: 6811, q3: 0, q4: 0
state visits cumulative       : q1: 959471, q2: 19091, q3: 262, q4: 0
state entries in window       : q1: 100, q2: 27, q3: 0, q4: 0
state entries cumulative      : q1: 5400, q2: 190, q3: 2, q4: 0
transitions cumulative       : q1->q2: 190, q2->q3: 2
Gym endings cumulative       : terminated=5309, truncated=92

[Episode 5500/12500 | last 100]
success rate                : 0.0% (cumulative 0.0%)
synthetic task reward       : 0.000
shaping reward              : 0.000
learning reward             : 0.000
episode length              : 297.4
abstract changes / episode  : 16.3
completed cycles / episode   : 0.00
automaton changes / episode  : 0.09
automaton changes in window  : q1->q2: 8, q2->q3: 1
epsilon (next episode)       : 0.33283
replay buffer                : 300000 samples [q1: 94.8%, q2: 5.1%, q3: 0.0%, q4: 0.0%]
state visits in window        : q1: 27510, q2: 2251, q3: 80, q4: 0
state visits cumulative       : q1: 986981, q2: 21342, q3: 342, q4: 0
state entries in window       : q1: 100, q2: 8, q3: 1, q4: 0
state entries cumulative      : q1: 5500, q2: 198, q3: 3, q4: 0
transitions cumulative       : q1->q2: 198, q2->q3: 3
Gym endings cumulative       : terminated=5404, truncated=97

[Episode 5600/12500 | last 100]
success rate                : 0.0% (cumulative 0.0%)
synthetic task reward       : 0.000
shaping reward              : 0.000
learning reward             : 0.000
episode length              : 174.7
abstract changes / episode  : 13.6
completed cycles / episode   : 0.00
automaton changes / episode  : 0.01
automaton changes in window  : q1->q2: 1
epsilon (next episode)       : 0.32624
replay buffer                : 300000 samples [q1: 94.9%, q2: 5.1%, q3: 0.0%, q4: 0.0%]
state visits in window        : q1: 17390, q2: 180, q3: 0, q4: 0
state visits cumulative       : q1: 1004371, q2: 21522, q3: 342, q4: 0
state entries in window       : q1: 100, q2: 1, q3: 0, q4: 0
state entries cumulative      : q1: 5600, q2: 199, q3: 3, q4: 0
transitions cumulative       : q1->q2: 199, q2->q3: 3
Gym endings cumulative       : terminated=5500, truncated=101

[Episode 5700/12500 | last 100]
success rate                : 0.0% (cumulative 0.0%)
synthetic task reward       : 0.000
shaping reward              : 0.000
learning reward             : 0.000
episode length              : 128.1
abstract changes / episode  : 13.4
completed cycles / episode   : 0.00
automaton changes / episode  : 0.02
automaton changes in window  : q1->q2: 2
epsilon (next episode)       : 0.31978
replay buffer                : 300000 samples [q1: 94.9%, q2: 5.1%, q3: 0.0%, q4: 0.0%]
state visits in window        : q1: 12824, q2: 85, q3: 0, q4: 0
state visits cumulative       : q1: 1017195, q2: 21607, q3: 342, q4: 0
state entries in window       : q1: 100, q2: 2, q3: 0, q4: 0
state entries cumulative      : q1: 5700, q2: 201, q3: 3, q4: 0
transitions cumulative       : q1->q2: 201, q2->q3: 3
Gym endings cumulative       : terminated=5600, truncated=101

[Episode 5800/12500 | last 100]
success rate                : 0.0% (cumulative 0.0%)
synthetic task reward       : 0.000
shaping reward              : 0.000
learning reward             : 0.000
episode length              : 152.2
abstract changes / episode  : 13.5
completed cycles / episode   : 0.00
automaton changes / episode  : 0.07
automaton changes in window  : q1->q2: 7
epsilon (next episode)       : 0.31345
replay buffer                : 300000 samples [q1: 94.8%, q2: 5.1%, q3: 0.0%, q4: 0.0%]
state visits in window        : q1: 15149, q2: 166, q3: 0, q4: 0
state visits cumulative       : q1: 1032344, q2: 21773, q3: 342, q4: 0
state entries in window       : q1: 100, q2: 7, q3: 0, q4: 0
state entries cumulative      : q1: 5800, q2: 208, q3: 3, q4: 0
transitions cumulative       : q1->q2: 208, q2->q3: 3
Gym endings cumulative       : terminated=5700, truncated=101

[Episode 5900/12500 | last 100]
success rate                : 0.0% (cumulative 0.0%)
synthetic task reward       : 0.000
shaping reward              : 0.000
learning reward             : 0.000
episode length              : 128.2
abstract changes / episode  : 12.9
completed cycles / episode   : 0.00
automaton changes / episode  : 0.01
automaton changes in window  : q1->q2: 1
epsilon (next episode)       : 0.30724
replay buffer                : 300000 samples [q1: 94.9%, q2: 5.1%, q3: 0.0%, q4: 0.0%]
state visits in window        : q1: 12900, q2: 17, q3: 0, q4: 0
state visits cumulative       : q1: 1045244, q2: 21790, q3: 342, q4: 0
state entries in window       : q1: 100, q2: 1, q3: 0, q4: 0
state entries cumulative      : q1: 5900, q2: 209, q3: 3, q4: 0
transitions cumulative       : q1->q2: 209, q2->q3: 3
Gym endings cumulative       : terminated=5800, truncated=101

[Episode 6000/12500 | last 100]
success rate                : 0.0% (cumulative 0.0%)
synthetic task reward       : 0.000
shaping reward              : 0.000
learning reward             : 0.000
episode length              : 164.9
abstract changes / episode  : 10.1
completed cycles / episode   : 0.00
automaton changes / episode  : 0.01
automaton changes in window  : q1->q2: 1
epsilon (next episode)       : 0.30116
replay buffer                : 300000 samples [q1: 95.0%, q2: 5.0%, q3: 0.0%, q4: 0.0%]
state visits in window        : q1: 16570, q2: 21, q3: 0, q4: 0
state visits cumulative       : q1: 1061814, q2: 21811, q3: 342, q4: 0
state entries in window       : q1: 100, q2: 1, q3: 0, q4: 0
state entries cumulative      : q1: 6000, q2: 210, q3: 3, q4: 0
transitions cumulative       : q1->q2: 210, q2->q3: 3
Gym endings cumulative       : terminated=5897, truncated=104

[Episode 6100/12500 | last 100]
success rate                : 0.0% (cumulative 0.0%)
synthetic task reward       : 0.000
shaping reward              : 0.000
learning reward             : 0.000
episode length              : 635.5
abstract changes / episode  : 17.5
completed cycles / episode   : 0.00
automaton changes / episode  : 0.01
automaton changes in window  : q1->q2: 1
epsilon (next episode)       : 0.29519
replay buffer                : 300000 samples [q1: 95.3%, q2: 4.6%, q3: 0.0%, q4: 0.0%]
state visits in window        : q1: 63486, q2: 165, q3: 0, q4: 0
state visits cumulative       : q1: 1125300, q2: 21976, q3: 342, q4: 0
state entries in window       : q1: 100, q2: 1, q3: 0, q4: 0
state entries cumulative      : q1: 6100, q2: 211, q3: 3, q4: 0
transitions cumulative       : q1->q2: 211, q2->q3: 3
Gym endings cumulative       : terminated=5963, truncated=139

[Episode 6200/12500 | last 100]
success rate                : 0.0% (cumulative 0.0%)
synthetic task reward       : 0.000
shaping reward              : 0.000
learning reward             : 0.000
episode length              : 339.7
abstract changes / episode  : 14.8
completed cycles / episode   : 0.00
automaton changes / episode  : 0.03
automaton changes in window  : q1->q2: 3
epsilon (next episode)       : 0.28935
replay buffer                : 300000 samples [q1: 95.6%, q2: 4.3%, q3: 0.0%, q4: 0.0%]
state visits in window        : q1: 34006, q2: 67, q3: 0, q4: 0
state visits cumulative       : q1: 1159306, q2: 22043, q3: 342, q4: 0
state entries in window       : q1: 100, q2: 3, q3: 0, q4: 0
state entries cumulative      : q1: 6200, q2: 214, q3: 3, q4: 0
transitions cumulative       : q1->q2: 214, q2->q3: 3
Gym endings cumulative       : terminated=6062, truncated=140

[Episode 6300/12500 | last 100]
success rate                : 0.0% (cumulative 0.0%)
synthetic task reward       : 0.000
shaping reward              : 0.000
learning reward             : 0.000
episode length              : 239.6
abstract changes / episode  : 11.9
completed cycles / episode   : 0.00
automaton changes / episode  : 0.05
automaton changes in window  : q1->q2: 5
epsilon (next episode)       : 0.28362
replay buffer                : 300000 samples [q1: 95.5%, q2: 4.5%, q3: 0.0%, q4: 0.0%]
state visits in window        : q1: 22885, q2: 1178, q3: 0, q4: 0
state visits cumulative       : q1: 1182191, q2: 23221, q3: 342, q4: 0
state entries in window       : q1: 100, q2: 5, q3: 0, q4: 0
state entries cumulative      : q1: 6300, q2: 219, q3: 3, q4: 0
transitions cumulative       : q1->q2: 219, q2->q3: 3
Gym endings cumulative       : terminated=6162, truncated=140

[Episode 6400/12500 | last 100]
success rate                : 0.0% (cumulative 0.0%)
synthetic task reward       : 0.000
shaping reward              : 0.000
learning reward             : 0.000
episode length              : 446.2
abstract changes / episode  : 20.8
completed cycles / episode   : 0.00
automaton changes / episode  : 0.08
automaton changes in window  : q1->q2: 8
epsilon (next episode)       : 0.27800
replay buffer                : 300000 samples [q1: 95.7%, q2: 4.3%, q3: 0.0%, q4: 0.0%]
state visits in window        : q1: 43207, q2: 1515, q3: 0, q4: 0
state visits cumulative       : q1: 1225398, q2: 24736, q3: 342, q4: 0
state entries in window       : q1: 100, q2: 8, q3: 0, q4: 0
state entries cumulative      : q1: 6400, q2: 227, q3: 3, q4: 0
transitions cumulative       : q1->q2: 227, q2->q3: 3
Gym endings cumulative       : terminated=6243, truncated=159

[Episode 6500/12500 | last 100]
success rate                : 0.0% (cumulative 0.0%)
synthetic task reward       : 0.000
shaping reward              : 0.000
learning reward             : 0.000
episode length              : 675.5
abstract changes / episode  : 20.9
completed cycles / episode   : 0.00
automaton changes / episode  : 0.04
automaton changes in window  : q1->q2: 4
epsilon (next episode)       : 0.27250
replay buffer                : 300000 samples [q1: 98.8%, q2: 1.2%, q3: 0.0%, q4: 0.0%]
state visits in window        : q1: 67394, q2: 251, q3: 0, q4: 0
state visits cumulative       : q1: 1292792, q2: 24987, q3: 342, q4: 0
state entries in window       : q1: 100, q2: 4, q3: 0, q4: 0
state entries cumulative      : q1: 6500, q2: 231, q3: 3, q4: 0
transitions cumulative       : q1->q2: 231, q2->q3: 3
Gym endings cumulative       : terminated=6313, truncated=189

[Episode 6600/12500 | last 100]
success rate                : 0.0% (cumulative 0.0%)
synthetic task reward       : 0.000
shaping reward              : 0.000
learning reward             : 0.000
episode length              : 417.1
abstract changes / episode  : 17.8
completed cycles / episode   : 0.00
automaton changes / episode  : 0.10
automaton changes in window  : q1->q2: 10
epsilon (next episode)       : 0.26710
replay buffer                : 300000 samples [q1: 98.8%, q2: 1.2%, q3: 0.0%, q4: 0.0%]
state visits in window        : q1: 41353, q2: 459, q3: 0, q4: 0
state visits cumulative       : q1: 1334145, q2: 25446, q3: 342, q4: 0
state entries in window       : q1: 100, q2: 10, q3: 0, q4: 0
state entries cumulative      : q1: 6600, q2: 241, q3: 3, q4: 0
transitions cumulative       : q1->q2: 241, q2->q3: 3
Gym endings cumulative       : terminated=6405, truncated=197

[Episode 6700/12500 | last 100]
success rate                : 0.0% (cumulative 0.0%)
synthetic task reward       : 0.000
shaping reward              : 0.000
learning reward             : 0.000
episode length              : 178.1
abstract changes / episode  : 13.8
completed cycles / episode   : 0.00
automaton changes / episode  : 0.01
automaton changes in window  : q1->q2: 1
epsilon (next episode)       : 0.26181
replay buffer                : 300000 samples [q1: 98.8%, q2: 1.2%, q3: 0.0%, q4: 0.0%]
state visits in window        : q1: 17883, q2: 24, q3: 0, q4: 0
state visits cumulative       : q1: 1352028, q2: 25470, q3: 342, q4: 0
state entries in window       : q1: 100, q2: 1, q3: 0, q4: 0
state entries cumulative      : q1: 6700, q2: 242, q3: 3, q4: 0
transitions cumulative       : q1->q2: 242, q2->q3: 3
Gym endings cumulative       : terminated=6505, truncated=197

[Episode 6800/12500 | last 100]
success rate                : 0.0% (cumulative 0.0%)
synthetic task reward       : 0.000
shaping reward              : 0.000
learning reward             : 0.000
episode length              : 122.5
abstract changes / episode  : 12.8
completed cycles / episode   : 0.00
automaton changes / episode  : 0.00
automaton changes in window  : none
epsilon (next episode)       : 0.25663
replay buffer                : 300000 samples [q1: 98.8%, q2: 1.2%, q3: 0.0%, q4: 0.0%]
state visits in window        : q1: 12347, q2: 0, q3: 0, q4: 0
state visits cumulative       : q1: 1364375, q2: 25470, q3: 342, q4: 0
state entries in window       : q1: 100, q2: 0, q3: 0, q4: 0
state entries cumulative      : q1: 6800, q2: 242, q3: 3, q4: 0
transitions cumulative       : q1->q2: 242, q2->q3: 3
Gym endings cumulative       : terminated=6605, truncated=197

[Episode 6900/12500 | last 100]
success rate                : 0.0% (cumulative 0.0%)
synthetic task reward       : 0.000
shaping reward              : 0.000
learning reward             : 0.000
episode length              : 159.8
abstract changes / episode  : 13.3
completed cycles / episode   : 0.00
automaton changes / episode  : 0.10
automaton changes in window  : q1->q2: 10
epsilon (next episode)       : 0.25154
replay buffer                : 300000 samples [q1: 98.7%, q2: 1.3%, q3: 0.0%, q4: 0.0%]
state visits in window        : q1: 15876, q2: 202, q3: 0, q4: 0
state visits cumulative       : q1: 1380251, q2: 25672, q3: 342, q4: 0
state entries in window       : q1: 100, q2: 10, q3: 0, q4: 0
state entries cumulative      : q1: 6900, q2: 252, q3: 3, q4: 0
transitions cumulative       : q1->q2: 252, q2->q3: 3
Gym endings cumulative       : terminated=6705, truncated=197

[Episode 7000/12500 | last 100]
success rate                : 0.0% (cumulative 0.0%)
synthetic task reward       : 0.000
shaping reward              : 0.000
learning reward             : 0.000
episode length              : 139.7
abstract changes / episode  : 11.2
completed cycles / episode   : 0.00
automaton changes / episode  : 0.02
automaton changes in window  : q1->q2: 2
epsilon (next episode)       : 0.24656
replay buffer                : 300000 samples [q1: 98.7%, q2: 1.3%, q3: 0.0%, q4: 0.0%]
state visits in window        : q1: 14024, q2: 43, q3: 0, q4: 0
state visits cumulative       : q1: 1394275, q2: 25715, q3: 342, q4: 0
state entries in window       : q1: 100, q2: 2, q3: 0, q4: 0
state entries cumulative      : q1: 7000, q2: 254, q3: 3, q4: 0
transitions cumulative       : q1->q2: 254, q2->q3: 3
Gym endings cumulative       : terminated=6805, truncated=197

[Episode 7100/12500 | last 100]
success rate                : 0.0% (cumulative 0.0%)
synthetic task reward       : 0.000
shaping reward              : 0.000
learning reward             : 0.000
episode length              : 116.2
abstract changes / episode  : 13.3
completed cycles / episode   : 0.00
automaton changes / episode  : 0.01
automaton changes in window  : q1->q2: 1
epsilon (next episode)       : 0.24168
replay buffer                : 300000 samples [q1: 98.7%, q2: 1.3%, q3: 0.0%, q4: 0.0%]
state visits in window        : q1: 11678, q2: 37, q3: 0, q4: 0
state visits cumulative       : q1: 1405953, q2: 25752, q3: 342, q4: 0
state entries in window       : q1: 100, q2: 1, q3: 0, q4: 0
state entries cumulative      : q1: 7100, q2: 255, q3: 3, q4: 0
transitions cumulative       : q1->q2: 255, q2->q3: 3
Gym endings cumulative       : terminated=6905, truncated=197

[Episode 7200/12500 | last 100]
success rate                : 0.0% (cumulative 0.0%)
synthetic task reward       : 0.000
shaping reward              : 0.000
learning reward             : 0.000
episode length              : 144.8
abstract changes / episode  : 14.0
completed cycles / episode   : 0.00
automaton changes / episode  : 0.00
automaton changes in window  : none
epsilon (next episode)       : 0.23689
replay buffer                : 300000 samples [q1: 98.8%, q2: 1.2%, q3: 0.0%, q4: 0.0%]
state visits in window        : q1: 14576, q2: 0, q3: 0, q4: 0
state visits cumulative       : q1: 1420529, q2: 25752, q3: 342, q4: 0
state entries in window       : q1: 100, q2: 0, q3: 0, q4: 0
state entries cumulative      : q1: 7200, q2: 255, q3: 3, q4: 0
transitions cumulative       : q1->q2: 255, q2->q3: 3
Gym endings cumulative       : terminated=7004, truncated=198

[Episode 7300/12500 | last 100]
success rate                : 0.0% (cumulative 0.0%)
synthetic task reward       : 0.000
shaping reward              : 0.000
learning reward             : 0.000
episode length              : 135.9
abstract changes / episode  : 13.6
completed cycles / episode   : 0.00
automaton changes / episode  : 0.10
automaton changes in window  : q1->q2: 10
epsilon (next episode)       : 0.23220
replay buffer                : 300000 samples [q1: 98.7%, q2: 1.3%, q3: 0.0%, q4: 0.0%]
state visits in window        : q1: 13460, q2: 226, q3: 0, q4: 0
state visits cumulative       : q1: 1433989, q2: 25978, q3: 342, q4: 0
state entries in window       : q1: 100, q2: 10, q3: 0, q4: 0
state entries cumulative      : q1: 7300, q2: 265, q3: 3, q4: 0
transitions cumulative       : q1->q2: 265, q2->q3: 3
Gym endings cumulative       : terminated=7104, truncated=198

[Episode 7400/12500 | last 100]
success rate                : 0.0% (cumulative 0.0%)
synthetic task reward       : 0.000
shaping reward              : 0.000
learning reward             : 0.000
episode length              : 163.4
abstract changes / episode  : 11.7
completed cycles / episode   : 0.00
automaton changes / episode  : 0.04
automaton changes in window  : q1->q2: 4
epsilon (next episode)       : 0.22760
replay buffer                : 300000 samples [q1: 98.7%, q2: 1.3%, q3: 0.0%, q4: 0.0%]
state visits in window        : q1: 16366, q2: 78, q3: 0, q4: 0
state visits cumulative       : q1: 1450355, q2: 26056, q3: 342, q4: 0
state entries in window       : q1: 100, q2: 4, q3: 0, q4: 0
state entries cumulative      : q1: 7400, q2: 269, q3: 3, q4: 0
transitions cumulative       : q1->q2: 269, q2->q3: 3
Gym endings cumulative       : terminated=7201, truncated=201

[Episode 7500/12500 | last 100]
success rate                : 0.0% (cumulative 0.0%)
synthetic task reward       : 0.000
shaping reward              : 0.000
learning reward             : 0.000
episode length              : 123.8
abstract changes / episode  : 8.8
completed cycles / episode   : 0.00
automaton changes / episode  : 0.06
automaton changes in window  : q1->q2: 6
epsilon (next episode)       : 0.22310
replay buffer                : 300000 samples [q1: 98.9%, q2: 1.1%, q3: 0.0%, q4: 0.0%]
state visits in window        : q1: 12369, q2: 114, q3: 0, q4: 0
state visits cumulative       : q1: 1462724, q2: 26170, q3: 342, q4: 0
state entries in window       : q1: 100, q2: 6, q3: 0, q4: 0
state entries cumulative      : q1: 7500, q2: 275, q3: 3, q4: 0
transitions cumulative       : q1->q2: 275, q2->q3: 3
Gym endings cumulative       : terminated=7301, truncated=201

[Episode 7600/12500 | last 100]
success rate                : 0.0% (cumulative 0.0%)
synthetic task reward       : 0.000
shaping reward              : 0.000
learning reward             : 0.000
episode length              : 252.3
abstract changes / episode  : 12.8
completed cycles / episode   : 0.00
automaton changes / episode  : 0.01
automaton changes in window  : q1->q2: 1
epsilon (next episode)       : 0.21868
replay buffer                : 300000 samples [q1: 99.4%, q2: 0.6%, q3: 0.0%, q4: 0.0%]
state visits in window        : q1: 25313, q2: 16, q3: 0, q4: 0
state visits cumulative       : q1: 1488037, q2: 26186, q3: 342, q4: 0
state entries in window       : q1: 100, q2: 1, q3: 0, q4: 0
state entries cumulative      : q1: 7600, q2: 276, q3: 3, q4: 0
transitions cumulative       : q1->q2: 276, q2->q3: 3
Gym endings cumulative       : terminated=7400, truncated=202

[Episode 7700/12500 | last 100]
success rate                : 0.0% (cumulative 0.0%)
synthetic task reward       : 0.000
shaping reward              : 0.000
learning reward             : 0.000
episode length              : 467.3
abstract changes / episode  : 17.0
completed cycles / episode   : 0.00
automaton changes / episode  : 0.04
automaton changes in window  : q1->q2: 4
epsilon (next episode)       : 0.21435
replay buffer                : 300000 samples [q1: 99.4%, q2: 0.6%, q3: 0.0%, q4: 0.0%]
state visits in window        : q1: 46391, q2: 436, q3: 0, q4: 0
state visits cumulative       : q1: 1534428, q2: 26622, q3: 342, q4: 0
state entries in window       : q1: 100, q2: 4, q3: 0, q4: 0
state entries cumulative      : q1: 7700, q2: 280, q3: 3, q4: 0
transitions cumulative       : q1->q2: 280, q2->q3: 3
Gym endings cumulative       : terminated=7496, truncated=206

[Episode 7800/12500 | last 100]
success rate                : 0.0% (cumulative 0.0%)
synthetic task reward       : 0.000
shaping reward              : 0.000
learning reward             : 0.000
episode length              : 506.1
abstract changes / episode  : 13.1
completed cycles / episode   : 0.00
automaton changes / episode  : 0.03
automaton changes in window  : q1->q2: 3
epsilon (next episode)       : 0.21010
replay buffer                : 300000 samples [q1: 99.4%, q2: 0.6%, q3: 0.0%, q4: 0.0%]
state visits in window        : q1: 50550, q2: 165, q3: 0, q4: 0
state visits cumulative       : q1: 1584978, q2: 26787, q3: 342, q4: 0
state entries in window       : q1: 100, q2: 3, q3: 0, q4: 0
state entries cumulative      : q1: 7800, q2: 283, q3: 3, q4: 0
transitions cumulative       : q1->q2: 283, q2->q3: 3
Gym endings cumulative       : terminated=7582, truncated=220

[Episode 7900/12500 | last 100]
success rate                : 0.0% (cumulative 0.0%)
synthetic task reward       : 0.000
shaping reward              : 0.000
learning reward             : 0.000
episode length              : 242.9
abstract changes / episode  : 15.5
completed cycles / episode   : 0.00
automaton changes / episode  : 0.03
automaton changes in window  : q1->q2: 3
epsilon (next episode)       : 0.20594
replay buffer                : 300000 samples [q1: 99.4%, q2: 0.6%, q3: 0.0%, q4: 0.0%]
state visits in window        : q1: 24303, q2: 89, q3: 0, q4: 0
state visits cumulative       : q1: 1609281, q2: 26876, q3: 342, q4: 0
state entries in window       : q1: 100, q2: 3, q3: 0, q4: 0
state entries cumulative      : q1: 7900, q2: 286, q3: 3, q4: 0
transitions cumulative       : q1->q2: 286, q2->q3: 3
Gym endings cumulative       : terminated=7680, truncated=222

[Episode 8000/12500 | last 100]
success rate                : 0.0% (cumulative 0.0%)
synthetic task reward       : 0.000
shaping reward              : 0.000
learning reward             : 0.000
episode length              : 154.4
abstract changes / episode  : 13.6
completed cycles / episode   : 0.00
automaton changes / episode  : 0.03
automaton changes in window  : q1->q2: 3
epsilon (next episode)       : 0.20186
replay buffer                : 300000 samples [q1: 99.5%, q2: 0.5%, q3: 0.0%, q4: 0.0%]
state visits in window        : q1: 15463, q2: 82, q3: 0, q4: 0
state visits cumulative       : q1: 1624744, q2: 26958, q3: 342, q4: 0
state entries in window       : q1: 100, q2: 3, q3: 0, q4: 0
state entries cumulative      : q1: 8000, q2: 289, q3: 3, q4: 0
transitions cumulative       : q1->q2: 289, q2->q3: 3
Gym endings cumulative       : terminated=7780, truncated=222

[Episode 8100/12500 | last 100]
success rate                : 0.0% (cumulative 0.0%)
synthetic task reward       : 0.000
shaping reward              : 0.000
learning reward             : 0.000
episode length              : 121.7
abstract changes / episode  : 9.8
completed cycles / episode   : 0.00
automaton changes / episode  : 0.10
automaton changes in window  : q1->q2: 10
epsilon (next episode)       : 0.19787
replay buffer                : 300000 samples [q1: 99.4%, q2: 0.6%, q3: 0.0%, q4: 0.0%]
state visits in window        : q1: 11978, q2: 287, q3: 0, q4: 0
state visits cumulative       : q1: 1636722, q2: 27245, q3: 342, q4: 0
state entries in window       : q1: 100, q2: 10, q3: 0, q4: 0
state entries cumulative      : q1: 8100, q2: 299, q3: 3, q4: 0
transitions cumulative       : q1->q2: 299, q2->q3: 3
Gym endings cumulative       : terminated=7880, truncated=222

[Episode 8200/12500 | last 100]
success rate                : 0.0% (cumulative 0.0%)
synthetic task reward       : 0.000
shaping reward              : 0.000
learning reward             : 0.000
episode length              : 150.6
abstract changes / episode  : 7.9
completed cycles / episode   : 0.00
automaton changes / episode  : 0.00
automaton changes in window  : none
epsilon (next episode)       : 0.19395
replay buffer                : 300000 samples [q1: 99.4%, q2: 0.6%, q3: 0.0%, q4: 0.0%]
state visits in window        : q1: 15156, q2: 0, q3: 0, q4: 0
state visits cumulative       : q1: 1651878, q2: 27245, q3: 342, q4: 0
state entries in window       : q1: 100, q2: 0, q3: 0, q4: 0
state entries cumulative      : q1: 8200, q2: 299, q3: 3, q4: 0
transitions cumulative       : q1->q2: 299, q2->q3: 3
Gym endings cumulative       : terminated=7980, truncated=222

[Episode 8300/12500 | last 100]
success rate                : 0.0% (cumulative 0.0%)
synthetic task reward       : 0.000
shaping reward              : 0.000
learning reward             : 0.000
episode length              : 166.7
abstract changes / episode  : 10.9
completed cycles / episode   : 0.00
automaton changes / episode  : 0.02
automaton changes in window  : q1->q2: 2
epsilon (next episode)       : 0.19011
replay buffer                : 300000 samples [q1: 99.4%, q2: 0.6%, q3: 0.0%, q4: 0.0%]
state visits in window        : q1: 16731, q2: 42, q3: 0, q4: 0
state visits cumulative       : q1: 1668609, q2: 27287, q3: 342, q4: 0
state entries in window       : q1: 100, q2: 2, q3: 0, q4: 0
state entries cumulative      : q1: 8300, q2: 301, q3: 3, q4: 0
transitions cumulative       : q1->q2: 301, q2->q3: 3
Gym endings cumulative       : terminated=8080, truncated=222

[Episode 8400/12500 | last 100]
success rate                : 0.0% (cumulative 0.0%)
synthetic task reward       : 0.000
shaping reward              : 0.000
learning reward             : 0.000
episode length              : 250.4
abstract changes / episode  : 9.8
completed cycles / episode   : 0.00
automaton changes / episode  : 0.07
automaton changes in window  : q1->q2: 7
epsilon (next episode)       : 0.18634
replay buffer                : 300000 samples [q1: 99.4%, q2: 0.6%, q3: 0.0%, q4: 0.0%]
state visits in window        : q1: 24925, q2: 216, q3: 0, q4: 0
state visits cumulative       : q1: 1693534, q2: 27503, q3: 342, q4: 0
state entries in window       : q1: 100, q2: 7, q3: 0, q4: 0
state entries cumulative      : q1: 8400, q2: 308, q3: 3, q4: 0
transitions cumulative       : q1->q2: 308, q2->q3: 3
Gym endings cumulative       : terminated=8180, truncated=222

[Episode 8500/12500 | last 100]
success rate                : 0.0% (cumulative 0.0%)
synthetic task reward       : 0.000
shaping reward              : 0.000
learning reward             : 0.000
episode length              : 107.9
abstract changes / episode  : 12.1
completed cycles / episode   : 0.00
automaton changes / episode  : 0.04
automaton changes in window  : q1->q2: 4
epsilon (next episode)       : 0.18265
replay buffer                : 300000 samples [q1: 99.4%, q2: 0.6%, q3: 0.0%, q4: 0.0%]
state visits in window        : q1: 10812, q2: 82, q3: 0, q4: 0
state visits cumulative       : q1: 1704346, q2: 27585, q3: 342, q4: 0
state entries in window       : q1: 100, q2: 4, q3: 0, q4: 0
state entries cumulative      : q1: 8500, q2: 312, q3: 3, q4: 0
transitions cumulative       : q1->q2: 312, q2->q3: 3
Gym endings cumulative       : terminated=8280, truncated=222

[Episode 8600/12500 | last 100]
success rate                : 0.0% (cumulative 0.0%)
synthetic task reward       : 0.000
shaping reward              : 0.000
learning reward             : 0.000
episode length              : 189.4
abstract changes / episode  : 13.5
completed cycles / episode   : 0.00
automaton changes / episode  : 0.02
automaton changes in window  : q1->q2: 2
epsilon (next episode)       : 0.17904
replay buffer                : 300000 samples [q1: 99.4%, q2: 0.6%, q3: 0.0%, q4: 0.0%]
state visits in window        : q1: 18901, q2: 142, q3: 0, q4: 0
state visits cumulative       : q1: 1723247, q2: 27727, q3: 342, q4: 0
state entries in window       : q1: 100, q2: 2, q3: 0, q4: 0
state entries cumulative      : q1: 8600, q2: 314, q3: 3, q4: 0
transitions cumulative       : q1->q2: 314, q2->q3: 3
Gym endings cumulative       : terminated=8379, truncated=223

[Episode 8700/12500 | last 100]
success rate                : 0.0% (cumulative 0.0%)
synthetic task reward       : 0.000
shaping reward              : 0.000
learning reward             : 0.000
episode length              : 323.4
abstract changes / episode  : 14.8
completed cycles / episode   : 0.00
automaton changes / episode  : 0.04
automaton changes in window  : q1->q2: 4
epsilon (next episode)       : 0.17549
replay buffer                : 300000 samples [q1: 99.4%, q2: 0.6%, q3: 0.0%, q4: 0.0%]
state visits in window        : q1: 32364, q2: 80, q3: 0, q4: 0
state visits cumulative       : q1: 1755611, q2: 27807, q3: 342, q4: 0
state entries in window       : q1: 100, q2: 4, q3: 0, q4: 0
state entries cumulative      : q1: 8700, q2: 318, q3: 3, q4: 0
transitions cumulative       : q1->q2: 318, q2->q3: 3
Gym endings cumulative       : terminated=8479, truncated=223

[Episode 8800/12500 | last 100]
success rate                : 0.0% (cumulative 0.0%)
synthetic task reward       : 0.000
shaping reward              : 0.000
learning reward             : 0.000
episode length              : 86.7
abstract changes / episode  : 12.5
completed cycles / episode   : 0.00
automaton changes / episode  : 0.00
automaton changes in window  : none
epsilon (next episode)       : 0.17201
replay buffer                : 300000 samples [q1: 99.5%, q2: 0.5%, q3: 0.0%, q4: 0.0%]
state visits in window        : q1: 8772, q2: 0, q3: 0, q4: 0
state visits cumulative       : q1: 1764383, q2: 27807, q3: 342, q4: 0
state entries in window       : q1: 100, q2: 0, q3: 0, q4: 0
state entries cumulative      : q1: 8800, q2: 318, q3: 3, q4: 0
transitions cumulative       : q1->q2: 318, q2->q3: 3
Gym endings cumulative       : terminated=8579, truncated=223

[Episode 8900/12500 | last 100]
success rate                : 0.0% (cumulative 0.0%)
synthetic task reward       : 0.000
shaping reward              : 0.000
learning reward             : 0.000
episode length              : 86.9
abstract changes / episode  : 12.4
completed cycles / episode   : 0.00
automaton changes / episode  : 0.01
automaton changes in window  : q1->q2: 1
epsilon (next episode)       : 0.16861
replay buffer                : 300000 samples [q1: 99.5%, q2: 0.5%, q3: 0.0%, q4: 0.0%]
state visits in window        : q1: 8768, q2: 26, q3: 0, q4: 0
state visits cumulative       : q1: 1773151, q2: 27833, q3: 342, q4: 0
state entries in window       : q1: 100, q2: 1, q3: 0, q4: 0
state entries cumulative      : q1: 8900, q2: 319, q3: 3, q4: 0
transitions cumulative       : q1->q2: 319, q2->q3: 3
Gym endings cumulative       : terminated=8679, truncated=223

[Episode 9000/12500 | last 100]
success rate                : 0.0% (cumulative 0.0%)
synthetic task reward       : 0.000
shaping reward              : 0.000
learning reward             : 0.000
episode length              : 73.7
abstract changes / episode  : 12.1
completed cycles / episode   : 0.00
automaton changes / episode  : 0.00
automaton changes in window  : none
epsilon (next episode)       : 0.16527
replay buffer                : 300000 samples [q1: 99.5%, q2: 0.5%, q3: 0.0%, q4: 0.0%]
state visits in window        : q1: 7470, q2: 0, q3: 0, q4: 0
state visits cumulative       : q1: 1780621, q2: 27833, q3: 342, q4: 0
state entries in window       : q1: 100, q2: 0, q3: 0, q4: 0
state entries cumulative      : q1: 9000, q2: 319, q3: 3, q4: 0
transitions cumulative       : q1->q2: 319, q2->q3: 3
Gym endings cumulative       : terminated=8779, truncated=223

[Episode 9100/12500 | last 100]
success rate                : 0.0% (cumulative 0.0%)
synthetic task reward       : 0.000
shaping reward              : 0.000
learning reward             : 0.000
episode length              : 71.0
abstract changes / episode  : 12.1
completed cycles / episode   : 0.00
automaton changes / episode  : 0.00
automaton changes in window  : none
epsilon (next episode)       : 0.16200
replay buffer                : 300000 samples [q1: 99.5%, q2: 0.5%, q3: 0.0%, q4: 0.0%]
state visits in window        : q1: 7196, q2: 0, q3: 0, q4: 0
state visits cumulative       : q1: 1787817, q2: 27833, q3: 342, q4: 0
state entries in window       : q1: 100, q2: 0, q3: 0, q4: 0
state entries cumulative      : q1: 9100, q2: 319, q3: 3, q4: 0
transitions cumulative       : q1->q2: 319, q2->q3: 3
Gym endings cumulative       : terminated=8879, truncated=223

[Episode 9200/12500 | last 100]
success rate                : 0.0% (cumulative 0.0%)
synthetic task reward       : 0.000
shaping reward              : 0.000
learning reward             : 0.000
episode length              : 79.6
abstract changes / episode  : 11.7
completed cycles / episode   : 0.00
automaton changes / episode  : 0.00
automaton changes in window  : none
epsilon (next episode)       : 0.15879
replay buffer                : 300000 samples [q1: 99.5%, q2: 0.5%, q3: 0.0%, q4: 0.0%]
state visits in window        : q1: 8063, q2: 0, q3: 0, q4: 0
state visits cumulative       : q1: 1795880, q2: 27833, q3: 342, q4: 0
state entries in window       : q1: 100, q2: 0, q3: 0, q4: 0
state entries cumulative      : q1: 9200, q2: 319, q3: 3, q4: 0
transitions cumulative       : q1->q2: 319, q2->q3: 3
Gym endings cumulative       : terminated=8979, truncated=223

[Episode 9300/12500 | last 100]
success rate                : 0.0% (cumulative 0.0%)
synthetic task reward       : 0.000
shaping reward              : 0.000
learning reward             : 0.000
episode length              : 146.1
abstract changes / episode  : 13.4
completed cycles / episode   : 0.00
automaton changes / episode  : 0.00
automaton changes in window  : none
epsilon (next episode)       : 0.15564
replay buffer                : 300000 samples [q1: 99.6%, q2: 0.4%, q3: 0.0%, q4: 0.0%]
state visits in window        : q1: 14714, q2: 0, q3: 0, q4: 0
state visits cumulative       : q1: 1810594, q2: 27833, q3: 342, q4: 0
state entries in window       : q1: 100, q2: 0, q3: 0, q4: 0
state entries cumulative      : q1: 9300, q2: 319, q3: 3, q4: 0
transitions cumulative       : q1->q2: 319, q2->q3: 3
Gym endings cumulative       : terminated=9079, truncated=223

[Episode 9400/12500 | last 100]
success rate                : 0.0% (cumulative 0.0%)
synthetic task reward       : 0.000
shaping reward              : 0.000
learning reward             : 0.000
episode length              : 175.7
abstract changes / episode  : 13.5
completed cycles / episode   : 0.00
automaton changes / episode  : 0.00
automaton changes in window  : none
epsilon (next episode)       : 0.15256
replay buffer                : 300000 samples [q1: 99.6%, q2: 0.4%, q3: 0.0%, q4: 0.0%]
state visits in window        : q1: 17670, q2: 0, q3: 0, q4: 0
state visits cumulative       : q1: 1828264, q2: 27833, q3: 342, q4: 0
state entries in window       : q1: 100, q2: 0, q3: 0, q4: 0
state entries cumulative      : q1: 9400, q2: 319, q3: 3, q4: 0
transitions cumulative       : q1->q2: 319, q2->q3: 3
Gym endings cumulative       : terminated=9178, truncated=224

[Episode 9500/12500 | last 100]
success rate                : 0.0% (cumulative 0.0%)
synthetic task reward       : 0.000
shaping reward              : 0.000
learning reward             : 0.000
episode length              : 146.5
abstract changes / episode  : 13.3
completed cycles / episode   : 0.00
automaton changes / episode  : 0.01
automaton changes in window  : q1->q2: 1
epsilon (next episode)       : 0.14954
replay buffer                : 300000 samples [q1: 99.6%, q2: 0.4%, q3: 0.0%, q4: 0.0%]
state visits in window        : q1: 14701, q2: 50, q3: 0, q4: 0
state visits cumulative       : q1: 1842965, q2: 27883, q3: 342, q4: 0
state entries in window       : q1: 100, q2: 1, q3: 0, q4: 0
state entries cumulative      : q1: 9500, q2: 320, q3: 3, q4: 0
transitions cumulative       : q1->q2: 320, q2->q3: 3
Gym endings cumulative       : terminated=9277, truncated=225

[Episode 9600/12500 | last 100]
success rate                : 0.0% (cumulative 0.0%)
synthetic task reward       : 0.000
shaping reward              : 0.000
learning reward             : 0.000
episode length              : 136.7
abstract changes / episode  : 10.5
completed cycles / episode   : 0.00
automaton changes / episode  : 0.00
automaton changes in window  : none
epsilon (next episode)       : 0.14658
replay buffer                : 300000 samples [q1: 99.6%, q2: 0.4%, q3: 0.0%, q4: 0.0%]
state visits in window        : q1: 13774, q2: 0, q3: 0, q4: 0
state visits cumulative       : q1: 1856739, q2: 27883, q3: 342, q4: 0
state entries in window       : q1: 100, q2: 0, q3: 0, q4: 0
state entries cumulative      : q1: 9600, q2: 320, q3: 3, q4: 0
transitions cumulative       : q1->q2: 320, q2->q3: 3
Gym endings cumulative       : terminated=9375, truncated=227

[Episode 9700/12500 | last 100]
success rate                : 0.0% (cumulative 0.0%)
synthetic task reward       : 0.000
shaping reward              : 0.000
learning reward             : 0.000
episode length              : 179.1
abstract changes / episode  : 7.7
completed cycles / episode   : 0.00
automaton changes / episode  : 0.01
automaton changes in window  : q1->q2: 1
epsilon (next episode)       : 0.14368
replay buffer                : 300000 samples [q1: 99.6%, q2: 0.4%, q3: 0.0%, q4: 0.0%]
state visits in window        : q1: 17864, q2: 150, q3: 0, q4: 0
state visits cumulative       : q1: 1874603, q2: 28033, q3: 342, q4: 0
state entries in window       : q1: 100, q2: 1, q3: 0, q4: 0
state entries cumulative      : q1: 9700, q2: 321, q3: 3, q4: 0
transitions cumulative       : q1->q2: 321, q2->q3: 3
Gym endings cumulative       : terminated=9475, truncated=227

[Episode 9800/12500 | last 100]
success rate                : 0.0% (cumulative 0.0%)
synthetic task reward       : 0.000
shaping reward              : 0.000
learning reward             : 0.000
episode length              : 356.5
abstract changes / episode  : 10.8
completed cycles / episode   : 0.00
automaton changes / episode  : 0.02
automaton changes in window  : q1->q2: 2
epsilon (next episode)       : 0.14083
replay buffer                : 300000 samples [q1: 99.6%, q2: 0.4%, q3: 0.0%, q4: 0.0%]
state visits in window        : q1: 35701, q2: 47, q3: 0, q4: 0
state visits cumulative       : q1: 1910304, q2: 28080, q3: 342, q4: 0
state entries in window       : q1: 100, q2: 2, q3: 0, q4: 0
state entries cumulative      : q1: 9800, q2: 323, q3: 3, q4: 0
transitions cumulative       : q1->q2: 323, q2->q3: 3
Gym endings cumulative       : terminated=9570, truncated=232

[Episode 9900/12500 | last 100]
success rate                : 0.0% (cumulative 0.0%)
synthetic task reward       : 0.000
shaping reward              : 0.000
learning reward             : 0.000
episode length              : 247.4
abstract changes / episode  : 10.3
completed cycles / episode   : 0.00
automaton changes / episode  : 0.02
automaton changes in window  : q1->q2: 2
epsilon (next episode)       : 0.13804
replay buffer                : 300000 samples [q1: 99.7%, q2: 0.3%, q3: 0.0%, q4: 0.0%]
state visits in window        : q1: 24785, q2: 59, q3: 0, q4: 0
state visits cumulative       : q1: 1935089, q2: 28139, q3: 342, q4: 0
state entries in window       : q1: 100, q2: 2, q3: 0, q4: 0
state entries cumulative      : q1: 9900, q2: 325, q3: 3, q4: 0
transitions cumulative       : q1->q2: 325, q2->q3: 3
Gym endings cumulative       : terminated=9670, truncated=232

[Episode 10000/12500 | last 100]
success rate                : 0.0% (cumulative 0.0%)
synthetic task reward       : 0.000
shaping reward              : 0.000
learning reward             : 0.000
episode length              : 259.0
abstract changes / episode  : 10.1
completed cycles / episode   : 0.00
automaton changes / episode  : 0.00
automaton changes in window  : none
epsilon (next episode)       : 0.13531
replay buffer                : 300000 samples [q1: 99.7%, q2: 0.3%, q3: 0.0%, q4: 0.0%]
state visits in window        : q1: 26003, q2: 0, q3: 0, q4: 0
state visits cumulative       : q1: 1961092, q2: 28139, q3: 342, q4: 0
state entries in window       : q1: 100, q2: 0, q3: 0, q4: 0
state entries cumulative      : q1: 10000, q2: 325, q3: 3, q4: 0
transitions cumulative       : q1->q2: 325, q2->q3: 3
Gym endings cumulative       : terminated=9770, truncated=232

[Episode 10100/12500 | last 100]
success rate                : 0.0% (cumulative 0.0%)
synthetic task reward       : 0.000
shaping reward              : 0.000
learning reward             : 0.000
episode length              : 291.1
abstract changes / episode  : 11.6
completed cycles / episode   : 0.00
automaton changes / episode  : 0.07
automaton changes in window  : q1->q2: 7
epsilon (next episode)       : 0.13263
replay buffer                : 300000 samples [q1: 99.6%, q2: 0.4%, q3: 0.0%, q4: 0.0%]
state visits in window        : q1: 28490, q2: 725, q3: 0, q4: 0
state visits cumulative       : q1: 1989582, q2: 28864, q3: 342, q4: 0
state entries in window       : q1: 100, q2: 7, q3: 0, q4: 0
state entries cumulative      : q1: 10100, q2: 332, q3: 3, q4: 0
transitions cumulative       : q1->q2: 332, q2->q3: 3
Gym endings cumulative       : terminated=9869, truncated=233

[Episode 10200/12500 | last 100]
success rate                : 0.0% (cumulative 0.0%)
synthetic task reward       : 0.000
shaping reward              : 0.000
learning reward             : 0.000
episode length              : 322.2
abstract changes / episode  : 17.4
completed cycles / episode   : 0.00
automaton changes / episode  : 0.08
automaton changes in window  : q1->q2: 8
epsilon (next episode)       : 0.13000
replay buffer                : 300000 samples [q1: 99.3%, q2: 0.7%, q3: 0.0%, q4: 0.0%]
state visits in window        : q1: 31472, q2: 853, q3: 0, q4: 0
state visits cumulative       : q1: 2021054, q2: 29717, q3: 342, q4: 0
state entries in window       : q1: 100, q2: 8, q3: 0, q4: 0
state entries cumulative      : q1: 10200, q2: 340, q3: 3, q4: 0
transitions cumulative       : q1->q2: 340, q2->q3: 3
Gym endings cumulative       : terminated=9969, truncated=233

[Episode 10300/12500 | last 100]
success rate                : 0.0% (cumulative 0.0%)
synthetic task reward       : 0.000
shaping reward              : 0.000
learning reward             : 0.000
episode length              : 305.1
abstract changes / episode  : 13.8
completed cycles / episode   : 0.00
automaton changes / episode  : 0.02
automaton changes in window  : q1->q2: 2
epsilon (next episode)       : 0.12743
replay buffer                : 300000 samples [q1: 99.4%, q2: 0.6%, q3: 0.0%, q4: 0.0%]
state visits in window        : q1: 30552, q2: 55, q3: 0, q4: 0
state visits cumulative       : q1: 2051606, q2: 29772, q3: 342, q4: 0
state entries in window       : q1: 100, q2: 2, q3: 0, q4: 0
state entries cumulative      : q1: 10300, q2: 342, q3: 3, q4: 0
transitions cumulative       : q1->q2: 342, q2->q3: 3
Gym endings cumulative       : terminated=10069, truncated=233

[Episode 10400/12500 | last 100]
success rate                : 0.0% (cumulative 0.0%)
synthetic task reward       : 0.000
shaping reward              : 0.000
learning reward             : 0.000
episode length              : 481.9
abstract changes / episode  : 13.4
completed cycles / episode   : 0.00
automaton changes / episode  : 0.06
automaton changes in window  : q1->q2: 6
epsilon (next episode)       : 0.12490
replay buffer                : 300000 samples [q1: 99.2%, q2: 0.8%, q3: 0.0%, q4: 0.0%]
state visits in window        : q1: 47678, q2: 614, q3: 0, q4: 0
state visits cumulative       : q1: 2099284, q2: 30386, q3: 342, q4: 0
state entries in window       : q1: 100, q2: 6, q3: 0, q4: 0
state entries cumulative      : q1: 10400, q2: 348, q3: 3, q4: 0
transitions cumulative       : q1->q2: 348, q2->q3: 3
Gym endings cumulative       : terminated=10154, truncated=248

[Episode 10500/12500 | last 100]
success rate                : 0.0% (cumulative 0.0%)
synthetic task reward       : 0.000
shaping reward              : 0.000
learning reward             : 0.000
episode length              : 258.6
abstract changes / episode  : 12.4
completed cycles / episode   : 0.00
automaton changes / episode  : 0.00
automaton changes in window  : none
epsilon (next episode)       : 0.12243
replay buffer                : 300000 samples [q1: 99.2%, q2: 0.8%, q3: 0.0%, q4: 0.0%]
state visits in window        : q1: 25965, q2: 0, q3: 0, q4: 0
state visits cumulative       : q1: 2125249, q2: 30386, q3: 342, q4: 0
state entries in window       : q1: 100, q2: 0, q3: 0, q4: 0
state entries cumulative      : q1: 10500, q2: 348, q3: 3, q4: 0
transitions cumulative       : q1->q2: 348, q2->q3: 3
Gym endings cumulative       : terminated=10252, truncated=250

[Episode 10600/12500 | last 100]
success rate                : 0.0% (cumulative 0.0%)
synthetic task reward       : 0.000
shaping reward              : 0.000
learning reward             : 0.000
episode length              : 155.6
abstract changes / episode  : 10.2
completed cycles / episode   : 0.00
automaton changes / episode  : 0.00
automaton changes in window  : none
epsilon (next episode)       : 0.12001
replay buffer                : 300000 samples [q1: 99.2%, q2: 0.8%, q3: 0.0%, q4: 0.0%]
state visits in window        : q1: 15656, q2: 0, q3: 0, q4: 0
state visits cumulative       : q1: 2140905, q2: 30386, q3: 342, q4: 0
state entries in window       : q1: 100, q2: 0, q3: 0, q4: 0
state entries cumulative      : q1: 10600, q2: 348, q3: 3, q4: 0
transitions cumulative       : q1->q2: 348, q2->q3: 3
Gym endings cumulative       : terminated=10352, truncated=250

[Episode 10700/12500 | last 100]
success rate                : 0.0% (cumulative 0.0%)
synthetic task reward       : 0.000
shaping reward              : 0.000
learning reward             : 0.000
episode length              : 141.3
abstract changes / episode  : 11.7
completed cycles / episode   : 0.00
automaton changes / episode  : 0.02
automaton changes in window  : q1->q2: 2
epsilon (next episode)       : 0.11763
replay buffer                : 300000 samples [q1: 99.2%, q2: 0.8%, q3: 0.0%, q4: 0.0%]
state visits in window        : q1: 14176, q2: 50, q3: 0, q4: 0
state visits cumulative       : q1: 2155081, q2: 30436, q3: 342, q4: 0
state entries in window       : q1: 100, q2: 2, q3: 0, q4: 0
state entries cumulative      : q1: 10700, q2: 350, q3: 3, q4: 0
transitions cumulative       : q1->q2: 350, q2->q3: 3
Gym endings cumulative       : terminated=10452, truncated=250

[Episode 10800/12500 | last 100]
success rate                : 0.0% (cumulative 0.0%)
synthetic task reward       : 0.000
shaping reward              : 0.000
learning reward             : 0.000
episode length              : 176.3
abstract changes / episode  : 13.5
completed cycles / episode   : 0.00
automaton changes / episode  : 0.06
automaton changes in window  : q1->q2: 6
epsilon (next episode)       : 0.11530
replay buffer                : 300000 samples [q1: 99.1%, q2: 0.9%, q3: 0.0%, q4: 0.0%]
state visits in window        : q1: 17543, q2: 183, q3: 0, q4: 0
state visits cumulative       : q1: 2172624, q2: 30619, q3: 342, q4: 0
state entries in window       : q1: 100, q2: 6, q3: 0, q4: 0
state entries cumulative      : q1: 10800, q2: 356, q3: 3, q4: 0
transitions cumulative       : q1->q2: 356, q2->q3: 3
Gym endings cumulative       : terminated=10552, truncated=250

[Episode 10900/12500 | last 100]
success rate                : 0.0% (cumulative 0.0%)
synthetic task reward       : 0.000
shaping reward              : 0.000
learning reward             : 0.000
episode length              : 190.5
abstract changes / episode  : 13.5
completed cycles / episode   : 0.00
automaton changes / episode  : 0.01
automaton changes in window  : q1->q2: 1
epsilon (next episode)       : 0.11302
replay buffer                : 300000 samples [q1: 99.2%, q2: 0.8%, q3: 0.0%, q4: 0.0%]
state visits in window        : q1: 19124, q2: 30, q3: 0, q4: 0
state visits cumulative       : q1: 2191748, q2: 30649, q3: 342, q4: 0
state entries in window       : q1: 100, q2: 1, q3: 0, q4: 0
state entries cumulative      : q1: 10900, q2: 357, q3: 3, q4: 0
transitions cumulative       : q1->q2: 357, q2->q3: 3
Gym endings cumulative       : terminated=10652, truncated=250

[Episode 11000/12500 | last 100]
success rate                : 0.0% (cumulative 0.0%)
synthetic task reward       : 0.000
shaping reward              : 0.000
learning reward             : 0.000
episode length              : 82.2
abstract changes / episode  : 12.3
completed cycles / episode   : 0.00
automaton changes / episode  : 0.00
automaton changes in window  : none
epsilon (next episode)       : 0.11078
replay buffer                : 300000 samples [q1: 99.2%, q2: 0.8%, q3: 0.0%, q4: 0.0%]
state visits in window        : q1: 8319, q2: 0, q3: 0, q4: 0
state visits cumulative       : q1: 2200067, q2: 30649, q3: 342, q4: 0
state entries in window       : q1: 100, q2: 0, q3: 0, q4: 0
state entries cumulative      : q1: 11000, q2: 357, q3: 3, q4: 0
transitions cumulative       : q1->q2: 357, q2->q3: 3
Gym endings cumulative       : terminated=10752, truncated=250

[Episode 11100/12500 | last 100]
success rate                : 0.0% (cumulative 0.0%)
synthetic task reward       : 0.000
shaping reward              : 0.000
learning reward             : 0.000
episode length              : 428.2
abstract changes / episode  : 16.0
completed cycles / episode   : 0.00
automaton changes / episode  : 0.06
automaton changes in window  : q1->q2: 6
epsilon (next episode)       : 0.10858
replay buffer                : 300000 samples [q1: 98.6%, q2: 1.4%, q3: 0.0%, q4: 0.0%]
state visits in window        : q1: 41211, q2: 1711, q3: 0, q4: 0
state visits cumulative       : q1: 2241278, q2: 32360, q3: 342, q4: 0
state entries in window       : q1: 100, q2: 6, q3: 0, q4: 0
state entries cumulative      : q1: 11100, q2: 363, q3: 3, q4: 0
transitions cumulative       : q1->q2: 363, q2->q3: 3
Gym endings cumulative       : terminated=10838, truncated=264

[Episode 11200/12500 | last 100]
success rate                : 0.0% (cumulative 0.0%)
synthetic task reward       : 0.000
shaping reward              : 0.000
learning reward             : 0.000
episode length              : 337.5
abstract changes / episode  : 14.2
completed cycles / episode   : 0.00
automaton changes / episode  : 0.06
automaton changes in window  : q1->q2: 6
epsilon (next episode)       : 0.10643
replay buffer                : 300000 samples [q1: 98.5%, q2: 1.5%, q3: 0.0%, q4: 0.0%]
state visits in window        : q1: 33339, q2: 508, q3: 0, q4: 0
state visits cumulative       : q1: 2274617, q2: 32868, q3: 342, q4: 0
state entries in window       : q1: 100, q2: 6, q3: 0, q4: 0
state entries cumulative      : q1: 11200, q2: 369, q3: 3, q4: 0
transitions cumulative       : q1->q2: 369, q2->q3: 3
Gym endings cumulative       : terminated=10932, truncated=270

[Episode 11300/12500 | last 100]
success rate                : 0.0% (cumulative 0.0%)
synthetic task reward       : 0.000
shaping reward              : 0.000
learning reward             : 0.000
episode length              : 228.1
abstract changes / episode  : 8.9
completed cycles / episode   : 0.00
automaton changes / episode  : 0.05
automaton changes in window  : q1->q2: 5
epsilon (next episode)       : 0.10433
replay buffer                : 300000 samples [q1: 98.0%, q2: 2.0%, q3: 0.0%, q4: 0.0%]
state visits in window        : q1: 20511, q2: 2402, q3: 0, q4: 0
state visits cumulative       : q1: 2295128, q2: 35270, q3: 342, q4: 0
state entries in window       : q1: 100, q2: 5, q3: 0, q4: 0
state entries cumulative      : q1: 11300, q2: 374, q3: 3, q4: 0
transitions cumulative       : q1->q2: 374, q2->q3: 3
Gym endings cumulative       : terminated=11030, truncated=272

[Episode 11400/12500 | last 100]
success rate                : 0.0% (cumulative 0.0%)
synthetic task reward       : 0.000
shaping reward              : 0.000
learning reward             : 0.000
episode length              : 320.1
abstract changes / episode  : 9.0
completed cycles / episode   : 0.00
automaton changes / episode  : 0.01
automaton changes in window  : q1->q2: 1
epsilon (next episode)       : 0.10226
replay buffer                : 300000 samples [q1: 98.2%, q2: 1.8%, q3: 0.0%, q4: 0.0%]
state visits in window        : q1: 32102, q2: 10, q3: 0, q4: 0
state visits cumulative       : q1: 2327230, q2: 35280, q3: 342, q4: 0
state entries in window       : q1: 100, q2: 1, q3: 0, q4: 0
state entries cumulative      : q1: 11400, q2: 375, q3: 3, q4: 0
transitions cumulative       : q1->q2: 375, q2->q3: 3
Gym endings cumulative       : terminated=11117, truncated=285

[Episode 11500/12500 | last 100]
success rate                : 0.0% (cumulative 0.0%)
synthetic task reward       : 0.000
shaping reward              : 0.000
learning reward             : 0.000
episode length              : 294.7
abstract changes / episode  : 15.8
completed cycles / episode   : 0.00
automaton changes / episode  : 0.05
automaton changes in window  : q1->q2: 5
epsilon (next episode)       : 0.10024
replay buffer                : 300000 samples [q1: 98.1%, q2: 1.9%, q3: 0.0%, q4: 0.0%]
state visits in window        : q1: 29266, q2: 306, q3: 0, q4: 0
state visits cumulative       : q1: 2356496, q2: 35586, q3: 342, q4: 0
state entries in window       : q1: 100, q2: 5, q3: 0, q4: 0
state entries cumulative      : q1: 11500, q2: 380, q3: 3, q4: 0
transitions cumulative       : q1->q2: 380, q2->q3: 3
Gym endings cumulative       : terminated=11207, truncated=295

[Episode 11600/12500 | last 100]
success rate                : 0.0% (cumulative 0.0%)
synthetic task reward       : 0.000
shaping reward              : 0.000
learning reward             : 0.000
episode length              : 201.4
abstract changes / episode  : 8.4
completed cycles / episode   : 0.00
automaton changes / episode  : 0.01
automaton changes in window  : q1->q2: 1
epsilon (next episode)       : 0.09825
replay buffer                : 300000 samples [q1: 98.2%, q2: 1.8%, q3: 0.0%, q4: 0.0%]
state visits in window        : q1: 20185, q2: 60, q3: 0, q4: 0
state visits cumulative       : q1: 2376681, q2: 35646, q3: 342, q4: 0
state entries in window       : q1: 100, q2: 1, q3: 0, q4: 0
state entries cumulative      : q1: 11600, q2: 381, q3: 3, q4: 0
transitions cumulative       : q1->q2: 381, q2->q3: 3
Gym endings cumulative       : terminated=11301, truncated=301

[Episode 11700/12500 | last 100]
success rate                : 0.0% (cumulative 0.0%)
synthetic task reward       : 0.000
shaping reward              : 0.000
learning reward             : 0.000
episode length              : 160.8
abstract changes / episode  : 8.3
completed cycles / episode   : 0.00
automaton changes / episode  : 0.04
automaton changes in window  : q1->q2: 4
epsilon (next episode)       : 0.09631
replay buffer                : 300000 samples [q1: 98.2%, q2: 1.8%, q3: 0.0%, q4: 0.0%]
state visits in window        : q1: 16147, q2: 35, q3: 0, q4: 0
state visits cumulative       : q1: 2392828, q2: 35681, q3: 342, q4: 0
state entries in window       : q1: 100, q2: 4, q3: 0, q4: 0
state entries cumulative      : q1: 11700, q2: 385, q3: 3, q4: 0
transitions cumulative       : q1->q2: 385, q2->q3: 3
Gym endings cumulative       : terminated=11400, truncated=302

[Episode 11800/12500 | last 100]
success rate                : 0.0% (cumulative 0.0%)
synthetic task reward       : 0.000
shaping reward              : 0.000
learning reward             : 0.000
episode length              : 157.6
abstract changes / episode  : 9.6
completed cycles / episode   : 0.00
automaton changes / episode  : 0.07
automaton changes in window  : q1->q2: 7
epsilon (next episode)       : 0.09440
replay buffer                : 300000 samples [q1: 98.2%, q2: 1.8%, q3: 0.0%, q4: 0.0%]
state visits in window        : q1: 15738, q2: 122, q3: 0, q4: 0
state visits cumulative       : q1: 2408566, q2: 35803, q3: 342, q4: 0
state entries in window       : q1: 100, q2: 7, q3: 0, q4: 0
state entries cumulative      : q1: 11800, q2: 392, q3: 3, q4: 0
transitions cumulative       : q1->q2: 392, q2->q3: 3
Gym endings cumulative       : terminated=11500, truncated=302

[Episode 11900/12500 | last 100]
success rate                : 0.0% (cumulative 0.0%)
synthetic task reward       : 0.000
shaping reward              : 0.000
learning reward             : 0.000
episode length              : 175.9
abstract changes / episode  : 8.0
completed cycles / episode   : 0.00
automaton changes / episode  : 0.00
automaton changes in window  : none
epsilon (next episode)       : 0.09253
replay buffer                : 300000 samples [q1: 98.2%, q2: 1.8%, q3: 0.0%, q4: 0.0%]
state visits in window        : q1: 17690, q2: 0, q3: 0, q4: 0
state visits cumulative       : q1: 2426256, q2: 35803, q3: 342, q4: 0
state entries in window       : q1: 100, q2: 0, q3: 0, q4: 0
state entries cumulative      : q1: 11900, q2: 392, q3: 3, q4: 0
transitions cumulative       : q1->q2: 392, q2->q3: 3
Gym endings cumulative       : terminated=11600, truncated=302

[Episode 12000/12500 | last 100]
success rate                : 0.0% (cumulative 0.0%)
synthetic task reward       : 0.000
shaping reward              : 0.000
learning reward             : 0.000
episode length              : 306.6
abstract changes / episode  : 9.4
completed cycles / episode   : 0.00
automaton changes / episode  : 0.00
automaton changes in window  : none
epsilon (next episode)       : 0.09070
replay buffer                : 300000 samples [q1: 98.2%, q2: 1.8%, q3: 0.0%, q4: 0.0%]
state visits in window        : q1: 30757, q2: 0, q3: 0, q4: 0
state visits cumulative       : q1: 2457013, q2: 35803, q3: 342, q4: 0
state entries in window       : q1: 100, q2: 0, q3: 0, q4: 0
state entries cumulative      : q1: 12000, q2: 392, q3: 3, q4: 0
transitions cumulative       : q1->q2: 392, q2->q3: 3
Gym endings cumulative       : terminated=11700, truncated=302

[Episode 12100/12500 | last 100]
success rate                : 0.0% (cumulative 0.0%)
synthetic task reward       : 0.000
shaping reward              : 0.000
learning reward             : 0.000
episode length              : 200.8
abstract changes / episode  : 8.5
completed cycles / episode   : 0.00
automaton changes / episode  : 0.00
automaton changes in window  : none
epsilon (next episode)       : 0.08890
replay buffer                : 300000 samples [q1: 98.3%, q2: 1.7%, q3: 0.0%, q4: 0.0%]
state visits in window        : q1: 20182, q2: 0, q3: 0, q4: 0
state visits cumulative       : q1: 2477195, q2: 35803, q3: 342, q4: 0
state entries in window       : q1: 100, q2: 0, q3: 0, q4: 0
state entries cumulative      : q1: 12100, q2: 392, q3: 3, q4: 0
transitions cumulative       : q1->q2: 392, q2->q3: 3
Gym endings cumulative       : terminated=11800, truncated=302

[Episode 12200/12500 | last 100]
success rate                : 0.0% (cumulative 0.0%)
synthetic task reward       : 0.000
shaping reward              : 0.000
learning reward             : 0.000
episode length              : 148.9
abstract changes / episode  : 10.2
completed cycles / episode   : 0.00
automaton changes / episode  : 0.01
automaton changes in window  : q1->q2: 1
epsilon (next episode)       : 0.08714
replay buffer                : 300000 samples [q1: 98.3%, q2: 1.7%, q3: 0.0%, q4: 0.0%]
state visits in window        : q1: 14970, q2: 17, q3: 0, q4: 0
state visits cumulative       : q1: 2492165, q2: 35820, q3: 342, q4: 0
state entries in window       : q1: 100, q2: 1, q3: 0, q4: 0
state entries cumulative      : q1: 12200, q2: 393, q3: 3, q4: 0
transitions cumulative       : q1->q2: 393, q2->q3: 3
Gym endings cumulative       : terminated=11900, truncated=302

[Episode 12300/12500 | last 100]
success rate                : 0.0% (cumulative 0.0%)
synthetic task reward       : 0.000
shaping reward              : 0.000
learning reward             : 0.000
episode length              : 94.3
abstract changes / episode  : 11.3
completed cycles / episode   : 0.00
automaton changes / episode  : 0.00
automaton changes in window  : none
epsilon (next episode)       : 0.08541
replay buffer                : 300000 samples [q1: 98.3%, q2: 1.7%, q3: 0.0%, q4: 0.0%]
state visits in window        : q1: 9529, q2: 0, q3: 0, q4: 0
state visits cumulative       : q1: 2501694, q2: 35820, q3: 342, q4: 0
state entries in window       : q1: 100, q2: 0, q3: 0, q4: 0
state entries cumulative      : q1: 12300, q2: 393, q3: 3, q4: 0
transitions cumulative       : q1->q2: 393, q2->q3: 3
Gym endings cumulative       : terminated=12000, truncated=302

[Episode 12400/12500 | last 100]
success rate                : 0.0% (cumulative 0.0%)
synthetic task reward       : 0.000
shaping reward              : 0.000
learning reward             : 0.000
episode length              : 113.4
abstract changes / episode  : 12.3
completed cycles / episode   : 0.00
automaton changes / episode  : 0.00
automaton changes in window  : none
epsilon (next episode)       : 0.08372
replay buffer                : 300000 samples [q1: 98.3%, q2: 1.7%, q3: 0.0%, q4: 0.0%]
state visits in window        : q1: 11442, q2: 0, q3: 0, q4: 0
state visits cumulative       : q1: 2513136, q2: 35820, q3: 342, q4: 0
state entries in window       : q1: 100, q2: 0, q3: 0, q4: 0
state entries cumulative      : q1: 12400, q2: 393, q3: 3, q4: 0
transitions cumulative       : q1->q2: 393, q2->q3: 3
Gym endings cumulative       : terminated=12100, truncated=302

[Episode 12500/12500 | last 100]
success rate                : 0.0% (cumulative 0.0%)
synthetic task reward       : 0.000
shaping reward              : 0.000
learning reward             : 0.000
episode length              : 298.6
abstract changes / episode  : 18.4
completed cycles / episode   : 0.00
automaton changes / episode  : 0.00
automaton changes in window  : none
epsilon (next episode)       : 0.08206
replay buffer                : 300000 samples [q1: 98.9%, q2: 1.1%, q3: 0.0%, q4: 0.0%]
state visits in window        : q1: 29956, q2: 0, q3: 0, q4: 0
state visits cumulative       : q1: 2543092, q2: 35820, q3: 342, q4: 0
state entries in window       : q1: 100, q2: 0, q3: 0, q4: 0
state entries cumulative      : q1: 12500, q2: 393, q3: 3, q4: 0
transitions cumulative       : q1->q2: 393, q2->q3: 3
Gym endings cumulative       : terminated=12197, truncated=305
Last policy saved after episode 12500. Best policy: episode 1, mean learning reward=0.000
